Crash Id,Calendar Year,FDOT Crash Number,Reporting Agency Case Number,Reporting Agency Type,FDOT Managing District,County Name,Crash Date,Crash Time,Day,DHSMV City,Crash Report City Code,In Town,On Roadway Name,Int Roadway Name,Reference Distance (Miles),Reference Direction,Officer Latitude,Officer Longitude,FDOT Latitude,FDOT Longitude,FDOT Roadway,Nearest Inventory MP,Nearest Node From Crash,State Road #,US Highway,Crash Side of Road,Accident Lane Number,Travel Direction Vehicle 1,FDOT Road Category,DHSMV Road System Id,Relation to Junction,Crash Harmful Event Location,Intersection Type,Shoulder Type,FDOT Roadway SKID Test Result,FDOT Roadway SKID Test Date,Functional Class,RCI Surface Width,RCI Shoulder Type First,RCI Shoulder Width First,RCI Shoulder Type Second,RCI Shoulder Width Second,RCI Shoulder Type Third,RCI Shoulder Width Third,RCI Median Width,Avg Daily Traffic,AADT Source,RCI Avg Per Truck Traffic,RCI Horiz Curve Condition,Posted Speed Limit,Highest Injury in Crash,CAR Status Code,Alcohols/Drug Involved,Site Location,Lighting,Weather,Road Surface,Roadway Grade,Roadway Alignment,Traffic Way Vehicle 1,Traffic Way Vehicle 2,Traffic Control Vehicle 1,Traffic Control Vehicle 2,Count of Lanes,Road Condition 1,Road Condition 2,Road Condition 3,Environment Condition 1,Environment Condition 2,Environment Condition 3,Crash Harmful Event,Manner of Collision,Vehicle Movement,Driver Action Vehicle 1,Driver Action Vehicle 2,Location Within Workzone,Type of Workzone,Workers Present in Workzone,Law Enforcement Present in Workzone,School Bus Related,Count of Nonfatal Injuries,Count of Traffic Fatalities,Count of Serious Injuries,Count of Pedestrians,Count of Drivers,Count of Bicyclists,Count of Vehicles,Count of Persons,Wrong Way,Workzone Inv,Commercial Vehicle Inv,Intersection Inv,Lane Departure,Speeding,Agressive Driving,Impaired Driver,Impaired Pedestrian,Impaired Bicyclist,Distracted Driver,Speeding or Aggressive Driving,Pedestrian Related,Bicyclist Related,Pedestrian or Bicyclist Related,Motorcycle Inv,No Belt,No Belt - Ages 1-4,No Belt - Ages 5-12,No Belt - Ages 13-17,Driver - Ages Teen,Driver - Ages 65 plus,Driver - Ages 65-69,Driver - Ages 70-74,Driver - Ages 75-79,Driver - Ages 80 plus,ARBM Latitude,ARBM Longitude,UTM Zone 17N X,UTM Zone 17N Y,ARBM Side of Road,Urban Rural Indicator,GIS Street Source,Extract Date,OBJECTID,x,y
2020883619010,2020,883619010,FHPD20OFF040556,FLORIDA HIGHWAY PATROL,05 FIFTH,ORANGE,"June 15, 2020",1720,TUESDAY,7546 ORLANDO,0746,N,SR 50,SOPHIE BLVD,0.019,E,28.5664599,-81.2034199,28.5663187,-81.2028096,75060000,12.016,05200,SR 50,,L LEFT,1 THRU LANE 1,W WEST,30 URBAN 6+LN 2WY DIVD RASD,03 STATE,01 NON-JUNCTION,01 ON ROADWAY,01 NOT AT INTERSECTION,03 CURB,39,"September 9, 2019",14 URBAN PRIN ART OTHER,36,PAVED,4,CURB&GUTTER,2,,0,34,48000,RCI,2.9,,45,1 NO INJURY,31 Q/C COMPLETED - LOC VERIFIED,0 NO,03 INFLUENCED BY INTERSECTION,01 DAYLIGHT,01 CLEAR,01 DRY,01 LEVEL,1 STRAIGHT,"TWO-WAY, DIVIDED, POSITIVE MED","TWO-WAY, DIVIDED, POSITIVE MED",NO CONTROLS,NO CONTROLS,6,NONE,NOT CODED,NOT CODED,NONE,NOT CODED,NOT CODED,14 MOTOR VEHICLE IN TRANSPORT,01 FRONT TO REAR,01 STRAIGHT AHEAD,OPERATED MV IN CARLESS OR NEGL,NO CONTRIBUTING ACTION,00 NOT CODED,00 NOT CODED,00 NOT CODED,00 NOT CODED,01 NO,0,0,0,0,2,0,2,2,N,N,N,Y,N,N,N,N,N,N,Y,N,N,N,N,N,N,N,N,N,N,N,N,N,N,N,28.566404863,-81.202978202,480147.974159,3159965.350928,L,,ARBM15Q1R2,"June 10, 2023",2408496,-9039474.524692748,3320574.671451345
2020883619020,2020,883619020,FHPD20OFF040706,FLORIDA HIGHWAY PATROL,05 FIFTH,ORANGE,"June 16, 2020",1228,WEDNESDAY,7546 ORLANDO,0746,N,SR 408,DEAN RD,0,,28.5467699,-81.24442,28.5466198,-81.2444765,75008167,0.178,03590,SR 408,,R RIGHT,X RAMP,S SOUTH,08 RAMP RURAL,04 COUNTY,02 INTERSECTION,01 ON ROADWAY,02 FOUR-WAY INTERSECTION,03 CURB,0,"December 31, 2000",,32,CURB&GUTTER,2,,0,,0,,6000,RCI,4.1,,,1 NO INJURY,31 Q/C COMPLETED - LOC VERIFIED,0 NO,08 EXIT RAMP,01 DAYLIGHT,01 CLEAR,01 DRY,01 LEVEL,1 STRAIGHT,"TWO-WAY, DIVIDED, POSITIVE MED","TWO-WAY, DIVIDED, POSITIVE MED",TRAFFIC CONTROL SIGNAL,TRAFFIC CONTROL SIGNAL,2,NONE,NOT CODED,NOT CODED,NONE,NOT CODED,NOT CODED,14 MOTOR VEHICLE IN TRANSPORT,03 ANGLE,01 STRAIGHT AHEAD,RAN RED LIGHT,NO CONTRIBUTING ACTION,00 NOT CODED,00 NOT CODED,00 NOT CODED,00 NOT CODED,01 NO,0,0,0,0,2,0,2,2,N,N,N,N,N,N,N,N,N,N,Y,N,N,N,N,N,N,N,N,N,N,N,N,N,N,N,28.546615891,-81.24448817,476083.6601,3157780.6162,O,,ARBM15Q1R2,"June 10, 2023",2408497,-9044095.394523425,3318066.663362969
2020883645140,2020,883645140,FHPD20OFF043904,FLORIDA HIGHWAY PATROL,05 FIFTH,ORANGE,"June 29, 2020",1334,TUESDAY,7546 ORLANDO,0746,N,SR 408,CHICKASAW TRL N,0.01,W,28.545,-81.2774699,0,0,75008088,0.513,02203,SR 408,,R RIGHT,X RAMP,E EAST,07 RAMP URBAN,04 COUNTY,01 NON-JUNCTION,01 ON ROADWAY,01 NOT AT INTERSECTION,03 CURB,0,"December 31, 2000",,12,CURB W RESF,2,,0,,0,,7000,RCI,4.1,,,2 POSSIBLE INJURY,31 Q/C COMPLETED - LOC VERIFIED,0 NO,08 EXIT RAMP,01 DAYLIGHT,01 CLEAR,01 DRY,01 LEVEL,1 STRAIGHT,"TWO-WAY, DIVIDED, POSITIVE MED","TWO-WAY, DIVIDED, POSITIVE MED",NO CONTROLS,NO CONTROLS,1,NONE,NOT CODED,NOT CODED,NONE,NOT CODED,NOT CODED,14 MOTOR VEHICLE IN TRANSPORT,"04 SIDESWIPE, SAME DIRECTION",05 TURNING RIGHT,FAILED TO YIELD RIGHT-OF-WAY,NO CONTRIBUTING ACTION,00 NOT CODED,00 NOT CODED,00 NOT CODED,00 NOT CODED,01 NO,1,0,0,0,2,0,2,2,N,N,N,N,Y,N,N,N,N,N,Y,N,N,N,N,N,N,N,N,N,N,N,N,N,N,N,28.544000863,-81.277838078,472820.618406,3157498.017381,O,,ARBM15Q1R2,"June 10, 2023",2408671,-9047807.890439076,3317735.276013532
2020883645150,2020,883645150,FHPD20OFF043963,FLORIDA HIGHWAY PATROL,05 FIFTH,ORANGE,"June 29, 2020",1620,TUESDAY,7546 ORLANDO,0746,N,SR 438,GOLF CLUB PKWY,0,,28.57788,-81.4562099,28.5779623,-81.4562475,75250000,6.016,06010,SR 438,,R RIGHT,2 THRU LANE 2,E EAST,30 URBAN 6+LN 2WY DIVD RASD,03 STATE,02 INTERSECTION,01 ON ROADWAY,03 T-INTERSECTION,03 CURB,38,"September 8, 2019",16 URBAN MINOR ART,36,CURB&GUTTER,2,,0,,0,20,32500,RCI,4.3,,40,5 FATAL(WITHIN 30 DAYS) INJURY,31 Q/C COMPLETED - LOC VERIFIED,0 NO,02 AT INTERSECTION,01 DAYLIGHT,01 CLEAR,01 DRY,01 LEVEL,1 STRAIGHT,"TWO-WAY, DIVIDED, POSITIVE MED","TWO-WAY, DIVIDED, POSITIVE MED",NO CONTROLS,NO CONTROLS,6,NONE,NOT CODED,NOT CODED,NONE,NOT CODED,NOT CODED,14 MOTOR VEHICLE IN TRANSPORT,03 ANGLE,01 STRAIGHT AHEAD,EXCEEDED POSTED SPEED,FAILED TO YIELD RIGHT-OF-WAY,00 NOT CODED,00 NOT CODED,00 NOT CODED,00 NOT CODED,01 NO,4,1,1,0,3,0,3,5,N,N,N,Y,N,Y,N,N,N,N,Y,Y,N,N,N,N,Y,N,Y,N,N,N,N,N,N,N,28.577874572,-81.456198638,455386.7024,3161304.162037,R,,ARBM15Q1R2,"June 10, 2023",2408672,-9067662.903053159,3322028.530471314
2020883607620,2020,883607620,FHPD20OFF041752,FLORIDA HIGHWAY PATROL,05 FIFTH,ORANGE,"June 20, 2020",1512,SUNDAY,7530 APOPKA,0730,N,US 441,LAKE VIEW DR,0.002,S,28.6903473,-81.5473408,28.6903068,-81.5469661,75020000,14.004,00079,SR 500,US 441,R RIGHT,1 THRU LANE 1,E EAST,20 URBAN 4-5LN 2WY DIVD RASD,02 U.S.,03 INTERSECTION-RELATED,01 ON ROADWAY,01 NOT AT INTERSECTION,03 CURB,36,"January 22, 2020",14 URBAN PRIN ART OTHER,23,PAVED,4,CURB&GUTTER,2,,0,20,31000,RCI,3.6,,45,2 POSSIBLE INJURY,31 Q/C COMPLETED - LOC VERIFIED,0 NO,03 INFLUENCED BY INTERSECTION,01 DAYLIGHT,01 CLEAR,01 DRY,01 LEVEL,1 STRAIGHT,"TWO-WAY, DIVIDED, POSITIVE MED","TWO-WAY, DIVIDED, POSITIVE MED",NO CONTROLS,NO CONTROLS,4,NONE,NOT CODED,NOT CODED,NONE,NOT CODED,NOT CODED,14 MOTOR VEHICLE IN TRANSPORT,01 FRONT TO REAR,01 STRAIGHT AHEAD,OPERATED MV IN CARLESS OR NEGL,NO CONTRIBUTING ACTION,00 NOT CODED,00 NOT CODED,00 NOT CODED,00 NOT CODED,01 NO,1,0,0,0,2,0,2,2,N,N,N,Y,N,N,N,N,N,N,N,N,N,N,N,N,N,N,N,N,Y,N,N,N,N,N,28.690373196,-81.546967195,446567.004689,3173804.852204,R,,ARBM15Q1R2,"June 10, 2023",2408910,-9077767.215899743,3336296.878078387
2020883607640,2020,883607640,FHPD20OFF041780,FLORIDA HIGHWAY PATROL,05 FIFTH,ORANGE,"June 20, 2020",1736,SUNDAY,7546 ORLANDO,0746,N,SR 435,SR 50,0.002,S,28.5515166,-81.4565637,28.5523549,-81.4565422,75270000,7.099,05040,SR 435,,R RIGHT,L LEFT TURN,N NORTH,10 URBAN 2-3LN 2WY DIVD RASD,03 STATE,03 INTERSECTION-RELATED,01 ON ROADWAY,01 NOT AT INTERSECTION,03 CURB,38,"February 11, 2020",14 URBAN PRIN ART OTHER,24,CURB&GUTTER,2,,0,,0,25,28000,RCI,6.1,,45,1 NO INJURY,31 Q/C COMPLETED - LOC VERIFIED,0 NO,03 INFLUENCED BY INTERSECTION,01 DAYLIGHT,01 CLEAR,01 DRY,01 LEVEL,1 STRAIGHT,"TWO-WAY, DIVIDED, POSITIVE MED","TWO-WAY, DIVIDED, POSITIVE MED",NO CONTROLS,NO CONTROLS,3,NONE,NOT CODED,NOT CODED,NONE,NOT CODED,NOT CODED,14 MOTOR VEHICLE IN TRANSPORT,01 FRONT TO REAR,01 STRAIGHT AHEAD,OPERATED MV IN CARLESS OR NEGL,NO CONTRIBUTING ACTION,00 NOT CODED,00 NOT CODED,00 NOT CODED,00 NOT CODED,01 NO,0,0,0,0,2,0,2,3,N,N,Y,Y,N,N,N,N,N,N,N,N,N,N,N,N,N,N,N,N,N,N,N,N,N,N,28.552425459,-81.456556868,455340.926779,3158484.884572,C,,ARBM15Q1R2,"June 10, 2023",2409453,-9067702.78090398,3318802.9047614457
2020883619120,2020,883619120,FHPD20OFF041316,FLORIDA HIGHWAY PATROL,05 FIFTH,ORANGE,"June 18, 2020",1715,FRIDAY,7546 ORLANDO,0746,N,FAIRBANKS AVE,EDGEWATER DR,0.003,E,28.59638,-81.39838,28.5964039,-81.3983481,75006001,0.003,01014,SR 426,,L LEFT,1 THRU LANE 1,W WEST,21 URBAN 4-5LN 2WY DIVD PAVD,04 COUNTY,01 NON-JUNCTION,01 ON ROADWAY,01 NOT AT INTERSECTION,03 CURB,36,"September 8, 2019",14 URBAN PRIN ART OTHER,24,CURB&GUTTER,2,,0,,0,12,19600,RCI,4.1,,35,1 NO INJURY,31 Q/C COMPLETED - LOC VERIFIED,0 NO,03 INFLUENCED BY INTERSECTION,01 DAYLIGHT,01 CLEAR,01 DRY,01 LEVEL,1 STRAIGHT,"TWO-WAY, DIVIDED, POSITIVE MED","TWO-WAY, DIVIDED, POSITIVE MED",NO CONTROLS,NO CONTROLS,4,NONE,NOT CODED,NOT CODED,NONE,NOT CODED,NOT CODED,14 MOTOR VEHICLE IN TRANSPORT,"04 SIDESWIPE, SAME DIRECTION",06 CHANGING LANES,NOT CODED,NO CONTRIBUTING ACTION,00 NOT CODED,00 NOT CODED,00 NOT CODED,00 NOT CODED,01 NO,0,0,0,0,1,0,2,1,N,N,N,Y,N,N,N,N,N,N,N,N,N,N,N,N,N,N,N,N,N,N,N,N,N,N,28.596401916,-81.398338702,461051.914373,3163336.549627,C,,ARBM15Q1R2,"June 10, 2023",2409691,-9061221.962580048,3324377.3266107556
2020883629460,2020,883629460,FHPD20OFF043885,FLORIDA HIGHWAY PATROL,05 FIFTH,ORANGE,"June 29, 2020",1223,TUESDAY,7546 ORLANDO,0746,N,SR 435,SR 50,0.009,S,28.5522376,-81.4560481,28.5522527,-81.4565408,75270000,7.092,05040,SR 435,,R RIGHT,R RIGHT TURN,N NORTH,10 URBAN 2-3LN 2WY DIVD RASD,03 STATE,03 INTERSECTION-RELATED,01 ON ROADWAY,02 FOUR-WAY INTERSECTION,03 CURB,38,"February 11, 2020",14 URBAN PRIN ART OTHER,24,CURB&GUTTER,2,,0,,0,25,28000,RCI,6.1,,45,2 POSSIBLE INJURY,31 Q/C COMPLETED - LOC VERIFIED,0 NO,03 INFLUENCED BY INTERSECTION,01 DAYLIGHT,01 CLEAR,01 DRY,01 LEVEL,1 STRAIGHT,"TWO-WAY, DIVIDED, POSITIVE MED","TWO-WAY, DIVIDED, POSITIVE MED",YIELD SIGN,YIELD SIGN,3,NONE,NOT CODED,NOT CODED,NONE,NOT CODED,NOT CODED,14 MOTOR VEHICLE IN TRANSPORT,01 FRONT TO REAR,01 STRAIGHT AHEAD,OPERATED MV IN CARLESS OR NEGL,NO CONTRIBUTING ACTION,00 NOT CODED,00 NOT CODED,00 NOT CODED,00 NOT CODED,01 NO,2,0,0,0,2,0,2,3,N,N,N,Y,N,N,N,N,N,N,Y,N,N,N,N,N,N,N,N,N,N,N,N,N,N,N,28.552323269,-81.456556868,455340.883655,3158473.563375,C,,ARBM15Q1R2,"June 10, 2023",2410059,-9067702.780882131,3318789.953974486
2020883631510,2020,883631510,FHPD20OFF042495,FLORIDA HIGHWAY PATROL,05 FIFTH,ORANGE,"June 23, 2020",1615,WEDNESDAY,"7500 UNINCORPORATED, ORANGE",0700,N,SR 482,SR 527,0.25,W,28.450979,-81.367405,28.4510231,-81.3677274,75002000,6.624,05605,SR 482,,R RIGHT,1 THRU LANE 1,E EAST,33 SUBURBAN 6+LN 2WY DIVD RASD,03 STATE,01 NON-JUNCTION,01 ON ROADWAY,01 NOT AT INTERSECTION,03 CURB,34,"March 3, 2020",16 URBAN MINOR ART,33,PAVED,8,VALLEY GUTR,3,,0,22,42000,RCI,11.4,,45,2 POSSIBLE INJURY,31 Q/C COMPLETED - LOC VERIFIED,0 NO,01 NOT AT INTERSECTION/RRX/BRIDGE,01 DAYLIGHT,01 CLEAR,01 DRY,02 HILLCREST,1 STRAIGHT,"TWO-WAY, DIVIDED, POSITIVE MED","TWO-WAY, DIVIDED, POSITIVE MED",NO CONTROLS,NO CONTROLS,6,NONE,NOT CODED,NOT CODED,NONE,NOT CODED,NOT CODED,14 MOTOR VEHICLE IN TRANSPORT,01 FRONT TO REAR,01 STRAIGHT AHEAD,OPERATED MV IN CARLESS OR NEGL,NO CONTRIBUTING ACTION,00 NOT CODED,00 NOT CODED,00 NOT CODED,00 NOT CODED,01 NO,2,0,0,0,2,0,2,2,N,N,N,N,N,N,N,N,N,N,Y,N,N,N,N,N,N,N,N,N,Y,N,N,N,N,N,28.450961924,-81.367716846,463996.649216,3147214.418893,R,,ARBM15Q1R2,"June 10, 2023",2410661,-9057813.151695268,3305950.337844126
2020883619240,2020,883619240,FHPD20OFF042524,FLORIDA HIGHWAY PATROL,05 FIFTH,ORANGE,"June 23, 2020",1740,WEDNESDAY,7530 APOPKA,0730,N,SR 429 CONNECTOR RD,US 441,0.001,N,28.69479,-81.55928,28.6964261,-81.5626883,75020000,15.052,00645,SR 500,US 441,L LEFT,R RIGHT TURN,S SOUTH,23 SUBURBAN 4-5LN 2WY DIVD RASD,03 STATE,01 NON-JUNCTION,01 ON ROADWAY,01 NOT AT INTERSECTION,02 UNPAVED,33,"January 22, 2020",14 URBAN PRIN ART OTHER,24,PAVED,4,LAWN,4,,0,38,24000,RCI,3.5,1D0000,55,1 NO INJURY,31 Q/C COMPLETED - LOC VERIFIED,0 NO,03 INFLUENCED BY INTERSECTION,01 DAYLIGHT,01 CLEAR,01 DRY,01 LEVEL,1 STRAIGHT,"TWO-WAY, DIVIDED, POSITIVE MED","TWO-WAY, DIVIDED, POSITIVE MED",NO CONTROLS,TRAFFIC CONTROL SIGNAL,4,NONE,NOT CODED,NOT CODED,NONE,NOT CODED,NOT CODED,14 MOTOR VEHICLE IN TRANSPORT,01 FRONT TO REAR,01 STRAIGHT AHEAD,OPERATED MV IN CARLESS OR NEGL,NO CONTRIBUTING ACTION,00 NOT CODED,00 NOT CODED,00 NOT CODED,00 NOT CODED,01 NO,0,0,0,0,2,0,2,2,N,N,N,Y,N,N,N,N,N,N,Y,N,N,N,N,N,N,N,N,N,Y,N,N,N,N,N,28.696396287,-81.562856746,445017.881889,3174479.363765,L,,ARBM15Q1R2,"June 10, 2023",2411650,-9079536.033114607,3337061.2264085477
2020883619250,2020,883619250,FHPD20OFF042724,FLORIDA HIGHWAY PATROL,05 FIFTH,ORANGE,"June 24, 2020",1435,THURSDAY,"7500 UNINCORPORATED, ORANGE",0700,N,SR 520,TAYLOR CREEK RD,0.189,S,28.3941799,-80.94341,28.3927489,-80.9422284,75140000,13.613,02767,SR 520,,L LEFT,S SIDE OF ROAD,W WEST,26 RURAL 4-5LN 2WY DIVD RASD,03 STATE,01 NON-JUNCTION,01 ON ROADWAY,01 NOT AT INTERSECTION,02 UNPAVED,42,"March 2, 2020",04 RURAL PRIN ART OTHER,24,PAVED,5,LAWN,12,,0,40,19800,RCI,6.9,1D00 0,65,2 POSSIBLE INJURY,31 Q/C COMPLETED - LOC VERIFIED,0 NO,01 NOT AT INTERSECTION/RRX/BRIDGE,01 DAYLIGHT,02 CLOUDY,01 DRY,01 LEVEL,1 STRAIGHT,"TWO-WAY, DIVIDED, POSITIVE MED",,NO CONTROLS,NOT CODED,4,NONE,NOT CODED,NOT CODED,NONE,NOT CODED,NOT CODED,01 OVERTURN/ROLLOVER,77 OTHER (SEE NARRATIVE),77 OTHER (SEE NARRATIVE),OPERATED MV IN CARLESS OR NEGL,NOT CODED,00 NOT CODED,00 NOT CODED,00 NOT CODED,00 NOT CODED,01 NO,1,0,0,0,1,0,1,1,N,N,N,N,Y,N,N,N,N,N,Y,N,N,N,N,N,N,N,N,N,N,N,N,N,N,N,28.392926488,-80.942248829,505657.5113,3140731.454634,L,,ARBM15Q1R2,"June 10, 2023",2411651,-9010450.254575124,3298604.4327736185
2020883607650,2020,883607650,FHPD20OFF041789,FLORIDA HIGHWAY PATROL,05 FIFTH,ORANGE,"June 20, 2020",1715,SUNDAY,7546 ORLANDO,0746,N,I 4,SR 482,0.002,N,28.4502366,-81.4764305,28.4501758,-81.4763699,75280091,0.963,04153,SR 400,I 4,L LEFT,X RAMP,S SOUTH,07 RAMP URBAN,03 STATE,03 INTERSECTION-RELATED,01 ON ROADWAY,01 NOT AT INTERSECTION,02 UNPAVED,0,"December 31, 2000",,48,CURB&GUTTER,2,LAWN,12,,0,,12500,RCI,1.5,,,2 POSSIBLE INJURY,31 Q/C COMPLETED - LOC VERIFIED,0 NO,08 EXIT RAMP,01 DAYLIGHT,01 CLEAR,01 DRY,01 LEVEL,1 STRAIGHT,ONE-WAY TRAFFICWAY,ONE-WAY TRAFFICWAY,NO CONTROLS,NO CONTROLS,4,NONE,NOT CODED,NOT CODED,NONE,NOT CODED,NOT CODED,14 MOTOR VEHICLE IN TRANSPORT,01 FRONT TO REAR,01 STRAIGHT AHEAD,OPERATED MV IN CARLESS OR NEGL,NO CONTRIBUTING ACTION,00 NOT CODED,00 NOT CODED,00 NOT CODED,00 NOT CODED,01 NO,5,0,0,0,2,0,2,8,N,N,N,N,N,N,N,N,N,N,N,N,N,N,N,N,N,N,N,N,N,N,N,N,N,N,28.450178611,-81.476396866,453355.26776,3147164.983775,O,,ARBM15Q1R2,"June 10, 2023",2411721,-9069911.359632017,3305851.1619757963
2020883607660,2020,883607660,FHPD20OFF042977,FLORIDA HIGHWAY PATROL,05 FIFTH,ORANGE,"June 25, 2020",1443,FRIDAY,7546 ORLANDO,0746,N,US 441,CHANCERY LN,0.004,S,28.4624286,-81.3973508,28.4630089,-81.3972743,75010000,7.978,00511,SR 500,US 17,R RIGHT,2 THRU LANE 2,N NORTH,30 URBAN 6+LN 2WY DIVD RASD,02 U.S.,01 NON-JUNCTION,01 ON ROADWAY,01 NOT AT INTERSECTION,03 CURB,38,"March 1, 2020",14 URBAN PRIN ART OTHER,43,CURB&GUTTER,2,,0,,0,15,52500,RCI,6.9,0D3000,40,2 POSSIBLE INJURY,31 Q/C COMPLETED - LOC VERIFIED,0 NO,03 INFLUENCED BY INTERSECTION,01 DAYLIGHT,01 CLEAR,01 DRY,01 LEVEL,1 STRAIGHT,"TWO-WAY, DIVIDED, POSITIVE MED","TWO-WAY, DIVIDED, POSITIVE MED",NO CONTROLS,NO CONTROLS,7,NONE,NOT CODED,NOT CODED,NONE,NOT CODED,NOT CODED,14 MOTOR VEHICLE IN TRANSPORT,"04 SIDESWIPE, SAME DIRECTION",06 CHANGING LANES,FAILED TO KEEP IN PROPER LANE,NO CONTRIBUTING ACTION,00 NOT CODED,00 NOT CODED,00 NOT CODED,00 NOT CODED,01 NO,6,0,0,0,2,0,2,6,N,N,N,Y,N,N,N,N,N,N,N,N,N,N,N,N,N,N,N,N,N,N,N,N,N,N,28.463022123,-81.39719774,461114.548383,3148559.675396,R,,ARBM15Q1R2,"June 10, 2023",2411738,-9061094.950699724,3307477.3779524732
2020883607710,2020,883607710,FHPD20OFF043291,FLORIDA HIGHWAY PATROL,05 FIFTH,ORANGE,"June 26, 2020",1717,SATURDAY,7546 ORLANDO,0746,N,SR 438,APOPKA VINELAND RD,0.002,W,28.577457,-81.4914247,28.5775519,-81.491102,75250000,3.901,01234,SR 438,,R RIGHT,L LEFT TURN,E EAST,30 URBAN 6+LN 2WY DIVD RASD,03 STATE,03 INTERSECTION-RELATED,01 ON ROADWAY,01 NOT AT INTERSECTION,03 CURB,36,"September 8, 2019",16 URBAN MINOR ART,36,PAVED,4,CURB&GUTTER,2,,0,22,32000,RCI,4.5,,45,2 POSSIBLE INJURY,31 Q/C COMPLETED - LOC VERIFIED,0 NO,03 INFLUENCED BY INTERSECTION,01 DAYLIGHT,02 CLOUDY,01 DRY,01 LEVEL,1 STRAIGHT,"TWO-WAY, DIVIDED, POSITIVE MED","TWO-WAY, DIVIDED, POSITIVE MED",NO CONTROLS,NO CONTROLS,6,NONE,NOT CODED,NOT CODED,NONE,NOT CODED,NOT CODED,14 MOTOR VEHICLE IN TRANSPORT,01 FRONT TO REAR,01 STRAIGHT AHEAD,OPERATED MV IN CARLESS OR NEGL,NO CONTRIBUTING ACTION,00 NOT CODED,00 NOT CODED,00 NOT CODED,00 NOT CODED,01 NO,2,0,0,0,2,0,2,2,N,N,N,Y,N,N,N,N,N,N,N,N,N,N,N,N,N,N,N,N,N,Y,Y,N,N,N,28.577464869,-81.49100204,451982.923269,3161272.230514,R,,ARBM15Q1R2,"June 10, 2023",2424225,-9071537.20102983,3321976.595118143
2020883607720,2020,883607720,FHPD20OFF043309,FLORIDA HIGHWAY PATROL,05 FIFTH,ORANGE,"June 26, 2020",1852,SATURDAY,7546 ORLANDO,0746,N,US 441,23RD ST,0.002,S,28.5180878,-81.3970347,28.5181746,-81.3970387,75010000,11.777,01951,SR 500,US 17,R RIGHT,1 THRU LANE 1,N NORTH,20 URBAN 4-5LN 2WY DIVD RASD,03 STATE,03 INTERSECTION-RELATED,01 ON ROADWAY,01 NOT AT INTERSECTION,03 CURB,35,"March 1, 2020",14 URBAN PRIN ART OTHER,24,CURB&GUTTER,2,,0,,0,16,29500,RCI,6.9,,35,2 POSSIBLE INJURY,31 Q/C COMPLETED - LOC VERIFIED,0 NO,03 INFLUENCED BY INTERSECTION,01 DAYLIGHT,01 CLEAR,01 DRY,01 LEVEL,1 STRAIGHT,"TWO-WAY, DIVIDED, POSITIVE MED","TWO-WAY, DIVIDED, POSITIVE MED",NO CONTROLS,NO CONTROLS,4,NONE,NOT CODED,NOT CODED,NONE,NOT CODED,NOT CODED,14 MOTOR VEHICLE IN TRANSPORT,"04 SIDESWIPE, SAME DIRECTION",06 CHANGING LANES,FAILED TO KEEP IN PROPER LANE,NO CONTRIBUTING ACTION,00 NOT CODED,00 NOT CODED,00 NOT CODED,00 NOT CODED,01 NO,2,0,0,0,2,0,2,2,N,N,N,Y,N,N,N,N,N,N,N,N,N,N,N,N,N,N,N,N,N,N,N,N,N,N,28.518177087,-81.397036281,461150.553297,3154669.940324,C,,ARBM15Q1R2,"June 10, 2023",2424226,-9061076.97744087,3314463.220344496
2020883607750,2020,883607750,FHPD20OFF043524,FLORIDA HIGHWAY PATROL,05 FIFTH,ORANGE,"June 27, 2020",1920,SUNDAY,7546 ORLANDO,0746,N,LANCASTER RD,US 441,0.002,E,28.4652507,-81.3961093,28.4652597,-81.3968825,75010000,8.134,01842,SR 500,US 17,S SIDE RD RIGHT,L LEFT TURN,W WEST,30 URBAN 6+LN 2WY DIVD RASD,04 COUNTY,03 INTERSECTION-RELATED,01 ON ROADWAY,01 NOT AT INTERSECTION,03 CURB,38,"March 1, 2020",14 URBAN PRIN ART OTHER,32,CURB&GUTTER,2,,0,,0,30,52500,RCI,6.9,0D3000,40,1 NO INJURY,31 Q/C COMPLETED - LOC VERIFIED,0 NO,03 INFLUENCED BY INTERSECTION,01 DAYLIGHT,01 CLEAR,01 DRY,01 LEVEL,1 STRAIGHT,"TWO-WAY, NOT DIVIDED","TWO-WAY, NOT DIVIDED",NO CONTROLS,NO CONTROLS,6,NONE,NOT CODED,NOT CODED,NONE,NOT CODED,NOT CODED,14 MOTOR VEHICLE IN TRANSPORT,"04 SIDESWIPE, SAME DIRECTION",11 OVERTAKING/PASSING,IMPROPER PASSING,NO CONTRIBUTING ACTION,00 NOT CODED,00 NOT CODED,00 NOT CODED,00 NOT CODED,01 NO,0,0,0,0,2,0,2,2,N,N,N,Y,N,N,N,N,N,N,N,N,N,N,N,N,N,N,N,N,N,N,N,N,N,N,28.465256383,-81.396774501,461156.8006,3148807.059092,R,,ARBM15Q1R2,"June 10, 2023",2424227,-9061047.835947337,3307760.295006107