Crash Id,Calendar Year,FDOT Crash Number,Reporting Agency Case Number,Reporting Agency Type,FDOT Managing District,County Name,Crash Date,Crash Time,Day,DHSMV City,Crash Report City Code,In Town,On Roadway Name,Int Roadway Name,Reference Distance (Miles),Reference Direction,Officer Latitude,Officer Longitude,FDOT Latitude,FDOT Longitude,FDOT Roadway,Nearest Inventory MP,Nearest Node From Crash,State Road #,US Highway,Crash Side of Road,Accident Lane Number,Travel Direction Vehicle 1,FDOT Road Category,DHSMV Road System Id,Relation to Junction,Crash Harmful Event Location,Intersection Type,Shoulder Type,FDOT Roadway SKID Test Result,FDOT Roadway SKID Test Date,Functional Class,RCI Surface Width,RCI Shoulder Type First,RCI Shoulder Width First,RCI Shoulder Type Second,RCI Shoulder Width Second,RCI Shoulder Type Third,RCI Shoulder Width Third,RCI Median Width,Avg Daily Traffic,AADT Source,RCI Avg Per Truck Traffic,RCI Horiz Curve Condition,Posted Speed Limit,Highest Injury in Crash,CAR Status Code,Alcohols/Drug Involved,Site Location,Lighting,Weather,Road Surface,Roadway Grade,Roadway Alignment,Traffic Way Vehicle 1,Traffic Way Vehicle 2,Traffic Control Vehicle 1,Traffic Control Vehicle 2,Count of Lanes,Road Condition 1,Road Condition 2,Road Condition 3,Environment Condition 1,Environment Condition 2,Environment Condition 3,Crash Harmful Event,Manner of Collision,Vehicle Movement,Driver Action Vehicle 1,Driver Action Vehicle 2,Location Within Workzone,Type of Workzone,Workers Present in Workzone,Law Enforcement Present in Workzone,School Bus Related,Count of Nonfatal Injuries,Count of Traffic Fatalities,Count of Serious Injuries,Count of Pedestrians,Count of Drivers,Count of Bicyclists,Count of Vehicles,Count of Persons,Wrong Way,Workzone Inv,Commercial Vehicle Inv,Intersection Inv,Lane Departure,Speeding,Agressive Driving,Impaired Driver,Impaired Pedestrian,Impaired Bicyclist,Distracted Driver,Speeding or Aggressive Driving,Pedestrian Related,Bicyclist Related,Pedestrian or Bicyclist Related,Motorcycle Inv,No Belt,No Belt - Ages 1-4,No Belt - Ages 5-12,No Belt - Ages 13-17,Driver - Ages Teen,Driver - Ages 65 plus,Driver - Ages 65-69,Driver - Ages 70-74,Driver - Ages 75-79,Driver - Ages 80 plus,ARBM Latitude,ARBM Longitude,UTM Zone 17N X,UTM Zone 17N Y,ARBM Side of Road,Urban Rural Indicator,GIS Street Source,Extract Date,OBJECTID,x,y
2020895026280,2020,895026280,2020TA005326,COUNTY SHERIFF'S OFFICE,05 FIFTH,ORANGE,"May 29, 2020",2241,SATURDAY,7530 APOPKA,0730,Y,SR 429,CR 437A,0.187,S,28.627378,-81.537676,28.6312435,-81.5398636,75320000,35.992,01798,SR 429,,M MEDIAN,M MIDDLE,S SOUTH,03 TOLL ROAD URBAN,03 STATE,18 THROUGH ROADWAY,02 OFF ROADWAY,01 NOT AT INTERSECTION,02 UNPAVED,35,"November 11, 2019",12 URBAN PRIN ART EXPR.,24,PAVED WARN,10,LAWN,12,,0,56,65500,RCI,4.6,,70,2 POSSIBLE INJURY,31 Q/C COMPLETED - LOC VERIFIED,0 NO,01 NOT AT INTERSECTION/RRX/BRIDGE,05 DARK-NOT LIGHTED,01 CLEAR,01 DRY,04 DOWNHILL,1 STRAIGHT,"TWO-WAY, DIVIDED, POSITIVE MED",,NO CONTROLS,NOT CODED,4,NONE,NOT CODED,NOT CODED,NONE,NOT CODED,NOT CODED,01 OVERTURN/ROLLOVER,00 NOT CODED,01 STRAIGHT AHEAD,RAN OFF ROADWAY,NOT CODED,00 NOT CODED,00 NOT CODED,00 NOT CODED,00 NOT CODED,01 NO,1,0,0,0,1,0,1,1,N,N,N,N,Y,N,N,N,N,N,Y,N,N,N,N,N,N,N,N,N,N,N,N,N,N,N,28.631218672,-81.539841725,447233.483172,3167248.039867,R,,ARBM15Q1R2,"June 10, 2023",2570046,-9076974.01177265,3328792.3256020644
2020881210350,2020,881210350,FHPK20OFF018099,FLORIDA HIGHWAY PATROL,05 FIFTH,ORANGE,"April 29, 2020",0650,THURSDAY,"7500 UNINCORPORATED, ORANGE",0700,N,SR 429,SR 91,1.5,S,28.5295204,-81.5641519,28.5285965,-81.5658116,75320000,27.889,03794,SR 429,,L LEFT,2 THRU LANE 2,S SOUTH,03 TOLL ROAD URBAN,03 STATE,18 THROUGH ROADWAY,01 ON ROADWAY,01 NOT AT INTERSECTION,01 PAVED,37,"November 11, 2019",12 URBAN PRIN ART EXPR.,24,PAVED WARN,10,LAWN,6,,0,64,54000,RCI,4.6,,70,2 POSSIBLE INJURY,31 Q/C COMPLETED - LOC VERIFIED,0 NO,01 NOT AT INTERSECTION/RRX/BRIDGE,04 DARK-LIGHTED,03 RAIN,02 WET,01 LEVEL,1 STRAIGHT,"TWO-WAY, DIVIDED, UNPROTECTED","TWO-WAY, DIVIDED, UNPROTECTED",NO CONTROLS,NO CONTROLS,4,"RD SURFC (WET, ICY, SNOW, ETC)",NOT CODED,NOT CODED,WEATHER CONDITIONS,NOT CODED,NOT CODED,14 MOTOR VEHICLE IN TRANSPORT,01 FRONT TO REAR,01 STRAIGHT AHEAD,OPERATED MV IN CARLESS OR NEGL,NOT CODED,00 NOT CODED,00 NOT CODED,00 NOT CODED,00 NOT CODED,01 NO,1,0,0,0,1,0,2,1,N,N,N,N,N,N,N,N,N,N,N,N,N,N,N,N,N,N,N,N,N,N,N,N,N,N,28.528667549,-81.566374434,444586.285679,3155898.655053,L,,ARBM15Q1R2,"June 10, 2023",2570479,-9079927.619823355,3315792.3389276704
2020881210360,2020,881210360,FHPK20OFF018104,FLORIDA HIGHWAY PATROL,05 FIFTH,ORANGE,"April 29, 2020",0804,THURSDAY,"7500 UNINCORPORATED, ORANGE",0700,N,SR 429,SCHOFIELD RD,0.019,N,28.4480925,-81.6427641,28.4493253,-81.6423448,75320000,20.151,03930,SR 429,,L LEFT,2 THRU LANE 2,S SOUTH,03 TOLL ROAD URBAN,03 STATE,18 THROUGH ROADWAY,01 ON ROADWAY,77 OTHER (SEE NARRATIVE),01 PAVED,39,"November 11, 2019",12 URBAN PRIN ART EXPR.,24,PAVED WARN,8,VALLEY GUTR,3,,0,64,49000,RCI,4.5,1D08,70,3 NO-INCAPACITATING INJURY,31 Q/C COMPLETED - LOC VERIFIED,0 NO,01 NOT AT INTERSECTION/RRX/BRIDGE,01 DAYLIGHT,03 RAIN,02 WET,03 UPHILL,1 STRAIGHT,"TWO-WAY, DIVIDED, UNPROTECTED","TWO-WAY, DIVIDED, UNPROTECTED",NO CONTROLS,NO CONTROLS,4,"RD SURFC (WET, ICY, SNOW, ETC)",NOT CODED,NOT CODED,WEATHER CONDITIONS,NOT CODED,NOT CODED,14 MOTOR VEHICLE IN TRANSPORT,01 FRONT TO REAR,01 STRAIGHT AHEAD,OPERATED MV IN CARLESS OR NEGL,NO CONTRIBUTING ACTION,00 NOT CODED,00 NOT CODED,00 NOT CODED,00 NOT CODED,01 NO,1,0,0,0,2,0,2,2,N,N,N,N,N,N,N,N,N,N,Y,N,N,N,N,N,N,N,N,N,N,N,N,N,N,N,28.449112916,-81.642653681,437075.855646,3147122.655018,L,,ARBM15Q1R2,"June 10, 2023",2570480,-9088418.989047041,3305716.234401964
2020895024960,2020,895024960,2020TA004251,COUNTY SHERIFF'S OFFICE,05 FIFTH,ORANGE,"April 22, 2020",1109,THURSDAY,7530 APOPKA,0730,Y,SR 429,US 441,0.189,N,28.680423,-81.559844,0,0,75340000,9.485,01985,SR 414,,L LEFT,S SIDE OF ROAD,S SOUTH,03 TOLL ROAD URBAN,06 TURNPIKE/TOLL,18 THROUGH ROADWAY,03 SHOULDER,01 NOT AT INTERSECTION,01 PAVED,38,"March 2, 2020",12 URBAN PRIN ART EXPR.,24,PAVED,8,VALLEY GUTR,3,,0,40,36500,RCI,3.8,,45,1 NO INJURY,31 Q/C COMPLETED - LOC VERIFIED,0 NO,01 NOT AT INTERSECTION/RRX/BRIDGE,01 DAYLIGHT,01 CLEAR,01 DRY,01 LEVEL,3 CURVE LEFT,"TWO-WAY, DIVIDED, POSITIVE MED",,NO CONTROLS,NOT CODED,5,NONE,NOT CODED,NOT CODED,NONE,NOT CODED,NOT CODED,27 GUARDRAIL FACE,00 NOT CODED,16 LEAVING TRAFFIC LANE,OVER-CORRECTING/OVERSTEERING,NOT CODED,00 NOT CODED,00 NOT CODED,00 NOT CODED,00 NOT CODED,01 NO,0,0,0,0,1,0,1,1,N,N,N,N,Y,N,N,N,N,N,N,N,N,N,N,N,N,N,N,N,N,N,N,N,N,N,28.669820463,-81.555954335,445678.436018,3171531.892235,L,,ARBM15Q1R2,"June 10, 2023",2571137,-9078767.660033287,3333689.005311545
2020895024970,2020,895024970,2020TA004264,COUNTY SHERIFF'S OFFICE,05 FIFTH,ORANGE,"April 22, 2020",1805,THURSDAY,7530 APOPKA,0730,Y,SR 414,SR 429 TOLL S,0.314,N,28.652993,-81.53405,28.6529821,-81.5354213,75340000,5.695,01737,SR 414,,M MEDIAN,M MIDDLE,E EAST,03 TOLL ROAD URBAN,01 INTERSTATE,01 NON-JUNCTION,01 ON ROADWAY,01 NOT AT INTERSECTION,02 UNPAVED,40,"March 2, 2020",12 URBAN PRIN ART EXPR.,24,PAVED,8,LAWN,12,,0,26,36500,RCI,3.8,,65,1 NO INJURY,31 Q/C COMPLETED - LOC VERIFIED,0 NO,01 NOT AT INTERSECTION/RRX/BRIDGE,01 DAYLIGHT,01 CLEAR,01 DRY,01 LEVEL,1 STRAIGHT,"TWO-WAY, NOT DIVIDED",,NO CONTROLS,NOT CODED,4,NONE,NOT CODED,NOT CODED,NONE,NOT CODED,NOT CODED,27 GUARDRAIL FACE,00 NOT CODED,88 UNKNOWN,NO CONTRIBUTING ACTION,NOT CODED,00 NOT CODED,00 NOT CODED,00 NOT CODED,00 NOT CODED,01 NO,0,0,0,0,1,0,1,1,N,N,N,N,N,N,N,N,N,N,N,N,N,N,N,N,N,N,N,N,N,N,N,N,N,N,28.649532925,-81.51757091,449419.149435,3169267.413315,R,,ARBM15Q1R2,"June 10, 2023",2571138,-9074494.835327925,3331115.284028642
2020895024980,2020,895024980,2020TA004269,COUNTY SHERIFF'S OFFICE,05 FIFTH,ORANGE,"April 23, 2020",0710,FRIDAY,7530 APOPKA,0730,Y,SR 429,SR 451 EXIT,0.069,N,28.64459,-81.543197,28.6487251,-81.5427301,75320100,0.736,01640,SR 429,,L LEFT,4 THRU LANE 4,N NORTH,03 TOLL ROAD URBAN,03 STATE,18 THROUGH ROADWAY,01 ON ROADWAY,01 NOT AT INTERSECTION,01 PAVED,36,"September 9, 2019",12 URBAN PRIN ART EXPR.,24,PAVED WARN,10,LAWN,6,,0,58,21000,RCI,4.1,1D21,70,2 POSSIBLE INJURY,31 Q/C COMPLETED - LOC VERIFIED,0 NO,01 NOT AT INTERSECTION/RRX/BRIDGE,04 DARK-LIGHTED,03 RAIN,02 WET,01 LEVEL,1 STRAIGHT,"TWO-WAY, DIVIDED, POSITIVE MED","TWO-WAY, DIVIDED, POSITIVE MED",NO CONTROLS,NO CONTROLS,4,"RD SURFC (WET, ICY, SNOW, ETC)",NOT CODED,NOT CODED,NONE,NOT CODED,NOT CODED,14 MOTOR VEHICLE IN TRANSPORT,03 ANGLE,01 STRAIGHT AHEAD,DROVE TOO FAST FOR CONDITIONS,NO CONTRIBUTING ACTION,00 NOT CODED,00 NOT CODED,00 NOT CODED,00 NOT CODED,01 NO,1,0,0,0,2,0,2,2,N,N,Y,N,Y,Y,Y,N,N,N,Y,Y,N,N,N,N,N,N,N,N,N,N,N,N,N,N,28.649372585,-81.543161519,446918.125593,3169260.749348,L,,ARBM15Q1R2,"June 10, 2023",2571139,-9077343.569713496,3331094.9449013625
2020895026450,2020,895026450,2020TA005728,COUNTY SHERIFF'S OFFICE,05 FIFTH,ORANGE,"June 11, 2020",0913,FRIDAY,7530 APOPKA,0730,Y,MAIN ST,PARK AVE,0,,28.673049,-81.509268,28.6731072,-81.5095227,75020000,11.407,02221,SR 500,US 441,R RIGHT,2 THRU LANE 2,S SOUTH,21 URBAN 4-5LN 2WY DIVD PAVD,02 U.S.,02 INTERSECTION,01 ON ROADWAY,02 FOUR-WAY INTERSECTION,03 CURB,39,"January 22, 2020",14 URBAN PRIN ART OTHER,23,CURB&GUTTER,2,,0,,0,12,42500,RCI,3.5,,35,1 NO INJURY,31 Q/C COMPLETED - LOC VERIFIED,0 NO,02 AT INTERSECTION,01 DAYLIGHT,01 CLEAR,01 DRY,01 LEVEL,1 STRAIGHT,"TWO-WAY, NOT DIV, W/CONT LTURN","TWO-WAY, NOT DIV, W/CONT LTURN",NO CONTROLS,NO CONTROLS,4,NONE,NOT CODED,NOT CODED,NONE,NOT CODED,NOT CODED,14 MOTOR VEHICLE IN TRANSPORT,"04 SIDESWIPE, SAME DIRECTION",03 TURNING LEFT,NO CONTRIBUTING ACTION,NO CONTRIBUTING ACTION,00 NOT CODED,00 NOT CODED,00 NOT CODED,00 NOT CODED,01 NO,0,0,0,0,2,0,2,2,N,N,Y,Y,N,N,N,N,N,N,N,N,N,N,N,N,N,N,N,N,N,N,N,N,N,N,28.673114628,-81.509575454,450211.680516,3171876.630793,C,,ARBM15Q1R2,"June 10, 2023",2571140,-9073604.785104226,3334106.957460573
2020895024660,2020,895024660,2020TA004065,COUNTY SHERIFF'S OFFICE,05 FIFTH,ORANGE,"April 11, 2020",1959,SUNDAY,7530 APOPKA,0730,Y,ORANGE BLOSSOM TRL,LAKE PLEASANT RD,0.007,N,28.658991,-81.476391,28.6591775,-81.4764521,75020000,9.057,00619,SR 500,US 441,R RIGHT,2 THRU LANE 2,E EAST,23 SUBURBAN 4-5LN 2WY DIVD RASD,02 U.S.,18 THROUGH ROADWAY,01 ON ROADWAY,01 NOT AT INTERSECTION,02 UNPAVED,35,"January 22, 2020",14 URBAN PRIN ART OTHER,23,PAVED,4,LAWN,9,,0,45,28000,RCI,5.3,,55,1 NO INJURY,31 Q/C COMPLETED - LOC VERIFIED,0 NO,03 INFLUENCED BY INTERSECTION,03 DAWN,01 CLEAR,01 DRY,01 LEVEL,1 STRAIGHT,"TWO-WAY, DIVIDED, UNPROTECTED","TWO-WAY, DIVIDED, UNPROTECTED",NO CONTROLS,NO CONTROLS,4,NONE,NOT CODED,NOT CODED,NONE,NOT CODED,NOT CODED,14 MOTOR VEHICLE IN TRANSPORT,01 FRONT TO REAR,01 STRAIGHT AHEAD,FOLLOWED TOO CLOSELY,NO CONTRIBUTING ACTION,00 NOT CODED,00 NOT CODED,00 NOT CODED,00 NOT CODED,01 NO,0,0,0,0,2,0,2,2,N,N,N,Y,N,N,N,N,N,N,N,N,N,N,N,N,N,N,N,N,N,N,N,N,N,N,28.659231174,-81.476398294,453447.178109,3170325.127109,R,,ARBM15Q1R2,"June 10, 2023",2571141,-9069911.519396557,3332345.563069302
2020895025500,2020,895025500,2020TA004840,COUNTY SHERIFF'S OFFICE,05 FIFTH,ORANGE,"May 14, 2020",1404,FRIDAY,7530 APOPKA,0730,Y,US 441,ALABAMA AVE,0.028,S,28.673087,-81.502434,28.6730955,-81.5014352,75020000,10.916,02217,SR 500,US 441,R RIGHT,1 THRU LANE 1,E EAST,21 URBAN 4-5LN 2WY DIVD PAVD,02 U.S.,18 THROUGH ROADWAY,01 ON ROADWAY,01 NOT AT INTERSECTION,03 CURB,39,"January 22, 2020",14 URBAN PRIN ART OTHER,23,CURB&GUTTER,2,,0,,0,11,47000,RCI,3.5,,35,2 POSSIBLE INJURY,31 Q/C COMPLETED - LOC VERIFIED,0 NO,03 INFLUENCED BY INTERSECTION,01 DAYLIGHT,02 CLOUDY,01 DRY,01 LEVEL,1 STRAIGHT,"TWO-WAY, NOT DIV, W/CONT LTURN","TWO-WAY, NOT DIV, W/CONT LTURN",NO CONTROLS,NO CONTROLS,4,NONE,NOT CODED,NOT CODED,NONE,NOT CODED,NOT CODED,14 MOTOR VEHICLE IN TRANSPORT,01 FRONT TO REAR,01 STRAIGHT AHEAD,FOLLOWED TOO CLOSELY,NO CONTRIBUTING ACTION,00 NOT CODED,00 NOT CODED,00 NOT CODED,00 NOT CODED,01 NO,1,0,0,0,2,0,2,3,N,N,N,Y,N,N,N,N,N,N,N,N,N,N,N,N,N,N,N,N,N,N,N,N,N,N,28.673104628,-81.501487465,451001.927896,3171872.177293,C,,ARBM15Q1R2,"June 10, 2023",2572217,-9072704.433949282,3334105.6886806055
2020882046480,2020,882046480,FHPD20OFF037918,FLORIDA HIGHWAY PATROL,05 FIFTH,ORANGE,"June 4, 2020",0000,FRIDAY,7546 ORLANDO,0746,N,SR 417,LANDSTAR BLVD,0,,28.36787,-81.3666,28.3677729,-81.3669439,75301021,0.421,03670,SR 417,,R RIGHT,X RAMP,E EAST,08 RAMP RURAL,03 STATE,02 INTERSECTION,01 ON ROADWAY,77 OTHER (SEE NARRATIVE),01 PAVED,0,"December 31, 2000",,15,CURB&GUTTER,2,,0,,0,,7500,RCI,4.1,,,2 POSSIBLE INJURY,31 Q/C COMPLETED - LOC VERIFIED,0 NO,08 EXIT RAMP,01 DAYLIGHT,01 CLEAR,01 DRY,01 LEVEL,1 STRAIGHT,ONE-WAY TRAFFICWAY,"TWO-WAY, DIVIDED, POSITIVE MED",TRAFFIC CONTROL SIGNAL,NO CONTROLS,1,NONE,NOT CODED,NOT CODED,NONE,NOT CODED,NOT CODED,14 MOTOR VEHICLE IN TRANSPORT,03 ANGLE,01 STRAIGHT AHEAD,RAN RED LIGHT,NO CONTRIBUTING ACTION,00 NOT CODED,00 NOT CODED,00 NOT CODED,00 NOT CODED,01 NO,3,0,0,0,3,0,3,4,N,N,N,N,N,N,N,N,N,N,N,N,N,N,N,N,N,N,N,N,N,N,N,N,N,N,28.367921288,-81.366955543,464043.1572,3138014.6999,O,,ARBM15Q1R2,"June 10, 2023",2573854,-9057728.403454974,3295440.6077546114
2020882046490,2020,882046490,FHPK20OFF023951,FLORIDA HIGHWAY PATROL,08 TURNPIKE,ORANGE,"June 6, 2020",1851,SUNDAY,7546 ORLANDO,0746,N,SR 91,SR 528,0,,28.4168899,-81.3918699,28.433534,-81.4088943,75470000,6.406,08910,SR 91,,R RIGHT,S SIDE OF ROAD,N NORTH,03 TOLL ROAD URBAN,03 STATE,01 NON-JUNCTION,02 OFF ROADWAY,01 NOT AT INTERSECTION,02 UNPAVED,40,"November 11, 2019",12 URBAN PRIN ART EXPR.,48,PAVED WARN,10,LAWN,12,,0,26,102000,RCI,17.8,0D4500,70,1 NO INJURY,31 Q/C COMPLETED - LOC VERIFIED,0 NO,01 NOT AT INTERSECTION/RRX/BRIDGE,01 DAYLIGHT,03 RAIN,02 WET,01 LEVEL,1 STRAIGHT,"TWO-WAY, DIVIDED, POSITIVE MED",,NO CONTROLS,NOT CODED,8,"RD SURFC (WET, ICY, SNOW, ETC)",NOT CODED,NOT CODED,WEATHER CONDITIONS,NOT CODED,NOT CODED,32 TREE (STANDING),77 OTHER (SEE NARRATIVE),01 STRAIGHT AHEAD,OTHER CONTRIBUTING ACTION,NOT CODED,00 NOT CODED,00 NOT CODED,00 NOT CODED,00 NOT CODED,01 NO,0,0,0,0,1,0,1,1,N,N,N,N,Y,N,N,N,N,N,N,N,N,N,N,N,N,N,N,N,N,N,N,N,N,N,28.4335106,-81.408861116,459961.585454,3145294.100756,R,,ARBM15Q1R2,"June 10, 2023",2573855,-9062393.312051212,3303740.991660024
2020882046500,2020,882046500,FHPK20OFF023987,FLORIDA HIGHWAY PATROL,08 TURNPIKE,ORANGE,"June 6, 2020",2351,SUNDAY,7546 ORLANDO,0746,N,SR 91,SR 400,0,,28.4744121,-81.4456027,28.4732001,-81.4448292,75470141,0,08822,SR 91,,R RIGHT,X RAMP,N NORTH,08 RAMP RURAL,01 INTERSTATE,01 NON-JUNCTION,02 OFF ROADWAY,01 NOT AT INTERSECTION,02 UNPAVED,0,"December 31, 2000",,24,PAVED,4,LAWN,10,,0,,16000,RCI,17.8,,,1 NO INJURY,31 Q/C COMPLETED - LOC VERIFIED,0 NO,08 EXIT RAMP,04 DARK-LIGHTED,01 CLEAR,02 WET,01 LEVEL,2 CURVE RIGHT,ONE-WAY TRAFFICWAY,,NO CONTROLS,NOT CODED,2,"RD SURFC (WET, ICY, SNOW, ETC)",NOT CODED,NOT CODED,NONE,NOT CODED,NOT CODED,01 OVERTURN/ROLLOVER,77 OTHER (SEE NARRATIVE),15 NEGOTIATING A CURVE,OTHER CONTRIBUTING ACTION,NOT CODED,00 NOT CODED,00 NOT CODED,00 NOT CODED,00 NOT CODED,01 NO,0,0,0,0,1,0,1,1,N,N,N,N,Y,N,N,N,N,N,N,N,N,N,N,N,N,N,N,N,N,N,N,N,N,N,28.473179821,-81.444880442,456450.5529,3149701.3407,O,,ARBM15Q1R2,"June 10, 2023",2573856,-9066402.966488,3308763.6620227173
2020882046510,2020,882046510,FHPK20OFF025836,FLORIDA HIGHWAY PATROL,08 TURNPIKE,ORANGE,"June 17, 2020",0000,THURSDAY,7546 ORLANDO,0746,N,SR 528,ORANGE BLOSSOM TRL S,0.079,W,28.4350266,-81.4045203,0,0,75471000,4.442,01611,SR 528,,L LEFT,S SIDE OF ROAD,E EAST,03 TOLL ROAD URBAN,03 STATE,01 NON-JUNCTION,03 SHOULDER,01 NOT AT INTERSECTION,02 UNPAVED,38,"October 27, 2020",12 URBAN PRIN ART EXPR.,48,PAVED WARN,16,VALLEY GUTR,0,,0,28,85500,RCI,10.3,,55,1 NO INJURY,31 Q/C COMPLETED - LOC VERIFIED,0 NO,01 NOT AT INTERSECTION/RRX/BRIDGE,01 DAYLIGHT,01 CLEAR,01 DRY,01 LEVEL,2 CURVE RIGHT,ONE-WAY TRAFFICWAY,,NO CONTROLS,NOT CODED,6,NONE,NOT CODED,NOT CODED,NONE,NOT CODED,NOT CODED,27 GUARDRAIL FACE,77 OTHER (SEE NARRATIVE),15 NEGOTIATING A CURVE,OTHER CONTRIBUTING ACTION,NOT CODED,00 NOT CODED,00 NOT CODED,00 NOT CODED,00 NOT CODED,01 NO,0,0,0,0,1,0,1,1,N,N,N,N,Y,N,N,N,N,N,N,N,N,N,N,N,N,N,N,N,N,N,N,N,N,N,28.434041945,-81.406402882,460202.513198,3145352.149528,L,,ARBM15Q1R2,"June 10, 2023",2573857,-9062119.662670119,3303808.254627615
2020895025620,2020,895025620,2020TA004767,COUNTY SHERIFF'S OFFICE,05 FIFTH,ORANGE,"May 12, 2020",1120,WEDNESDAY,7530 APOPKA,0730,Y,US 441,CABLE LN,0.085,S,28.680283,-81.522909,28.6802652,-81.5227885,75020000,12.375,02228,SR 500,US 441,R RIGHT,1 THRU LANE 1,E EAST,20 URBAN 4-5LN 2WY DIVD RASD,02 U.S.,03 INTERSECTION-RELATED,01 ON ROADWAY,01 NOT AT INTERSECTION,01 PAVED,32,"January 22, 2020",14 URBAN PRIN ART OTHER,23,PAVED,4,CURB&GUTTER,2,,0,40,32000,RCI,5.6,,45,1 NO INJURY,31 Q/C COMPLETED - LOC VERIFIED,0 NO,01 NOT AT INTERSECTION/RRX/BRIDGE,01 DAYLIGHT,01 CLEAR,01 DRY,01 LEVEL,1 STRAIGHT,"TWO-WAY, DIVIDED, POSITIVE MED","TWO-WAY, DIVIDED, POSITIVE MED",TRAFFIC CONTROL SIGNAL,TRAFFIC CONTROL SIGNAL,4,NONE,NOT CODED,NOT CODED,NONE,NOT CODED,NOT CODED,14 MOTOR VEHICLE IN TRANSPORT,01 FRONT TO REAR,01 STRAIGHT AHEAD,OPERATED MV IN CARLESS OR NEGL,NO CONTRIBUTING ACTION,00 NOT CODED,00 NOT CODED,00 NOT CODED,00 NOT CODED,01 NO,0,0,0,0,2,0,2,2,N,N,N,N,N,N,N,N,N,N,Y,N,N,N,N,N,N,N,N,N,N,Y,Y,N,N,N,28.680356748,-81.522787148,448924.319446,3172684.55547,R,,ARBM15Q1R2,"June 10, 2023",2575585,-9075075.504592052,3335025.858167898
2020895025650,2020,895025650,2020TA004948,COUNTY SHERIFF'S OFFICE,05 FIFTH,ORANGE,"May 18, 2020",1435,TUESDAY,7530 APOPKA,0730,Y,PIEDMONT WEKIVA RD,US 441,0.019,N,28.655044,-81.470162,28.6545141,-81.4702174,75020000,8.56,00618,SR 500,US 441,T SIDE RD LEFT,2 THRU LANE 2,S SOUTH,23 SUBURBAN 4-5LN 2WY DIVD RASD,05 LOCAL,03 INTERSECTION-RELATED,01 ON ROADWAY,01 NOT AT INTERSECTION,03 CURB,35,"January 22, 2020",14 URBAN PRIN ART OTHER,23,PAVED,4,LAWN,9,,0,45,28000,RCI,5.3,1D0000,45,2 POSSIBLE INJURY,31 Q/C COMPLETED - LOC VERIFIED,0 NO,03 INFLUENCED BY INTERSECTION,01 DAYLIGHT,01 CLEAR,01 DRY,01 LEVEL,1 STRAIGHT,"TWO-WAY, DIVIDED, POSITIVE MED","TWO-WAY, DIVIDED, POSITIVE MED",NO CONTROLS,NO CONTROLS,4,NONE,NOT CODED,NOT CODED,NONE,NOT CODED,NOT CODED,14 MOTOR VEHICLE IN TRANSPORT,01 FRONT TO REAR,01 STRAIGHT AHEAD,OPERATED MV IN CARLESS OR NEGL,NO CONTRIBUTING ACTION,00 NOT CODED,00 NOT CODED,00 NOT CODED,00 NOT CODED,01 NO,1,0,0,0,2,0,2,2,N,N,N,Y,N,N,N,N,N,N,Y,N,N,N,N,N,N,N,N,N,N,N,N,N,N,N,28.654448104,-81.470294346,454041.566783,3169792.857891,L,,ARBM15Q1R2,"June 10, 2023",2575586,-9069232.030795028,3331738.7889430146
2020895025660,2020,895025660,2020TA004830,COUNTY SHERIFF'S OFFICE,05 FIFTH,ORANGE,"May 14, 2020",1025,FRIDAY,7530 APOPKA,0730,Y,US 441,HIGHLAND AVE,0.014,S,28.673072,-81.505594,28.6730996,-81.5051906,75020000,11.144,02219,SR 500,US 441,R RIGHT,1 THRU LANE 1,E EAST,21 URBAN 4-5LN 2WY DIVD PAVD,02 U.S.,01 NON-JUNCTION,01 ON ROADWAY,01 NOT AT INTERSECTION,03 CURB,39,"January 22, 2020",14 URBAN PRIN ART OTHER,23,CURB&GUTTER,2,,0,,0,11,42500,RCI,3.5,,35,1 NO INJURY,31 Q/C COMPLETED - LOC VERIFIED,0 NO,03 INFLUENCED BY INTERSECTION,01 DAYLIGHT,01 CLEAR,01 DRY,01 LEVEL,1 STRAIGHT,"TWO-WAY, NOT DIVIDED","TWO-WAY, NOT DIVIDED",NO CONTROLS,NO CONTROLS,4,NONE,NOT CODED,NOT CODED,NONE,NOT CODED,NOT CODED,14 MOTOR VEHICLE IN TRANSPORT,01 FRONT TO REAR,01 STRAIGHT AHEAD,OPERATED MV IN CARLESS OR NEGL,NO CONTRIBUTING ACTION,00 NOT CODED,00 NOT CODED,00 NOT CODED,00 NOT CODED,01 NO,0,0,0,0,4,0,4,4,N,N,N,Y,N,N,N,N,N,N,Y,N,N,N,N,N,N,N,N,N,N,Y,Y,N,N,Y,28.673114629,-81.50524318,450634.973488,3171874.832146,C,,ARBM15Q1R2,"June 10, 2023",2575587,-9073122.518363984,3334106.957478055