Crash Id,Calendar Year,FDOT Crash Number,Reporting Agency Case Number,Reporting Agency Type,FDOT Managing District,County Name,Crash Date,Crash Time,Day,DHSMV City,Crash Report City Code,In Town,On Roadway Name,Int Roadway Name,Reference Distance (Miles),Reference Direction,Officer Latitude,Officer Longitude,FDOT Latitude,FDOT Longitude,FDOT Roadway,Nearest Inventory MP,Nearest Node From Crash,State Road #,US Highway,Crash Side of Road,Accident Lane Number,Travel Direction Vehicle 1,FDOT Road Category,DHSMV Road System Id,Relation to Junction,Crash Harmful Event Location,Intersection Type,Shoulder Type,FDOT Roadway SKID Test Result,FDOT Roadway SKID Test Date,Functional Class,RCI Surface Width,RCI Shoulder Type First,RCI Shoulder Width First,RCI Shoulder Type Second,RCI Shoulder Width Second,RCI Shoulder Type Third,RCI Shoulder Width Third,RCI Median Width,Avg Daily Traffic,AADT Source,RCI Avg Per Truck Traffic,RCI Horiz Curve Condition,Posted Speed Limit,Highest Injury in Crash,CAR Status Code,Alcohols/Drug Involved,Site Location,Lighting,Weather,Road Surface,Roadway Grade,Roadway Alignment,Traffic Way Vehicle 1,Traffic Way Vehicle 2,Traffic Control Vehicle 1,Traffic Control Vehicle 2,Count of Lanes,Road Condition 1,Road Condition 2,Road Condition 3,Environment Condition 1,Environment Condition 2,Environment Condition 3,Crash Harmful Event,Manner of Collision,Vehicle Movement,Driver Action Vehicle 1,Driver Action Vehicle 2,Location Within Workzone,Type of Workzone,Workers Present in Workzone,Law Enforcement Present in Workzone,School Bus Related,Count of Nonfatal Injuries,Count of Traffic Fatalities,Count of Serious Injuries,Count of Pedestrians,Count of Drivers,Count of Bicyclists,Count of Vehicles,Count of Persons,Wrong Way,Workzone Inv,Commercial Vehicle Inv,Intersection Inv,Lane Departure,Speeding,Agressive Driving,Impaired Driver,Impaired Pedestrian,Impaired Bicyclist,Distracted Driver,Speeding or Aggressive Driving,Pedestrian Related,Bicyclist Related,Pedestrian or Bicyclist Related,Motorcycle Inv,No Belt,No Belt - Ages 1-4,No Belt - Ages 5-12,No Belt - Ages 13-17,Driver - Ages Teen,Driver - Ages 65 plus,Driver - Ages 65-69,Driver - Ages 70-74,Driver - Ages 75-79,Driver - Ages 80 plus,ARBM Latitude,ARBM Longitude,UTM Zone 17N X,UTM Zone 17N Y,ARBM Side of Road,Urban Rural Indicator,GIS Street Source,Extract Date,OBJECTID,x,y
2020883054840,2020,883054840,FHPD20OFF028347,FLORIDA HIGHWAY PATROL,05 FIFTH,ORANGE,"April 16, 2020",2325,FRIDAY,7533 ORLANDO TRANSIT AUTHORITY,0733,N,SR 417,MILE MARKER #19 R,1,N,28.38765,-81.2575999,28.3837846,-81.2635587,75301000,13.789,04310,SR 417,,L LEFT,2 THRU LANE 2,S SOUTH,03 TOLL ROAD URBAN,03 STATE,01 NON-JUNCTION,01 ON ROADWAY,01 NOT AT INTERSECTION,02 UNPAVED,36,"November 12, 2019",12 URBAN PRIN ART EXPR.,24,PAVED WARN,10,LAWN,12,,0,64,69000,RCI,5,,70,2 POSSIBLE INJURY,31 Q/C COMPLETED - LOC VERIFIED,0 NO,01 NOT AT INTERSECTION/RRX/BRIDGE,05 DARK-NOT LIGHTED,01 CLEAR,01 DRY,01 LEVEL,1 STRAIGHT,"TWO-WAY, DIVIDED, POSITIVE MED","TWO-WAY, DIVIDED, POSITIVE MED",NO CONTROLS,NO CONTROLS,4,NONE,NOT CODED,NOT CODED,NONE,NOT CODED,NOT CODED,14 MOTOR VEHICLE IN TRANSPORT,01 FRONT TO REAR,01 STRAIGHT AHEAD,NOT CODED,NO CONTRIBUTING ACTION,00 NOT CODED,00 NOT CODED,00 NOT CODED,00 NOT CODED,01 NO,1,0,0,0,1,0,2,1,N,N,N,N,N,N,N,N,N,N,N,N,N,N,N,N,N,N,N,N,N,N,N,N,N,N,28.384277164,-81.262788948,474254.11787,3139799.982207,L,,ARBM15Q1R2,"June 10, 2023",2584728,-9046132.627784297,3297509.977521581
2020883040960,2020,883040960,FHPD20OFF026267,FLORIDA HIGHWAY PATROL,05 FIFTH,ORANGE,"April 3, 2020",1247,SATURDAY,7546 ORLANDO,0746,N,SR 551,SR 552,0.019,S,28.5150544,-81.2896762,28.5153758,-81.2897329,75200000,2.701,02086,SR 551,,R RIGHT,1 THRU LANE 1,N NORTH,20 URBAN 4-5LN 2WY DIVD RASD,03 STATE,01 NON-JUNCTION,01 ON ROADWAY,01 NOT AT INTERSECTION,03 CURB,36,"February 11, 2020",16 URBAN MINOR ART,26,PAVED,4,CURB&GUTTER,2,,0,22,43500,RCI,4.6,,45,1 NO INJURY,31 Q/C COMPLETED - LOC VERIFIED,0 NO,03 INFLUENCED BY INTERSECTION,01 DAYLIGHT,01 CLEAR,01 DRY,01 LEVEL,1 STRAIGHT,"TWO-WAY, DIVIDED, POSITIVE MED","TWO-WAY, DIVIDED, POSITIVE MED",NO CONTROLS,NO CONTROLS,4,NONE,NOT CODED,NOT CODED,NONE,NOT CODED,NOT CODED,14 MOTOR VEHICLE IN TRANSPORT,01 FRONT TO REAR,01 STRAIGHT AHEAD,NOT CODED,NO CONTRIBUTING ACTION,00 NOT CODED,00 NOT CODED,00 NOT CODED,00 NOT CODED,01 NO,0,0,0,0,1,0,3,1,N,N,N,Y,N,N,N,N,N,N,N,N,N,N,N,N,N,N,N,N,N,N,N,N,N,N,28.514975106,-81.289656919,471656.676258,3154285.149715,R,,ARBM15Q1R2,"June 10, 2023",2584733,-9049123.55792715,3314057.5629087416
2020883031100,2020,883031100,FHPD20OFF033311,FLORIDA HIGHWAY PATROL,05 FIFTH,ORANGE,"May 14, 2020",2042,FRIDAY,7533 ORLANDO TRANSIT AUTHORITY,0733,N,SR 417,US 441,0.019,N,28.3717445,-81.4022738,28.372208,-81.4038053,75301000,4.978,03163,SR 417,,R RIGHT,2 THRU LANE 2,N NORTH,03 TOLL ROAD URBAN,06 TURNPIKE/TOLL,01 NON-JUNCTION,01 ON ROADWAY,01 NOT AT INTERSECTION,01 PAVED,36,"November 12, 2019",12 URBAN PRIN ART EXPR.,24,PAVED,10,,0,,0,64,71000,RCI,5,,70,1 NO INJURY,31 Q/C COMPLETED - LOC VERIFIED,0 NO,01 NOT AT INTERSECTION/RRX/BRIDGE,04 DARK-LIGHTED,02 CLOUDY,02 WET,01 LEVEL,1 STRAIGHT,"TWO-WAY, DIVIDED, POSITIVE MED","TWO-WAY, DIVIDED, POSITIVE MED",NO CONTROLS,NO CONTROLS,4,"RD SURFC (WET, ICY, SNOW, ETC)",NOT CODED,NOT CODED,NONE,NOT CODED,NOT CODED,14 MOTOR VEHICLE IN TRANSPORT,03 ANGLE,01 STRAIGHT AHEAD,NOT CODED,NO CONTRIBUTING ACTION,00 NOT CODED,00 NOT CODED,00 NOT CODED,00 NOT CODED,01 NO,0,0,0,0,1,0,2,1,N,N,N,N,N,N,N,N,N,N,N,N,N,N,N,N,N,N,N,N,N,N,N,N,N,N,28.372233122,-81.4038476,460429.786557,3138503.929725,R,,ARBM15Q1R2,"June 10, 2023",2584754,-9061835.209566642,3295986.116127694
2020883031110,2020,883031110,FHPD20OFF033820,FLORIDA HIGHWAY PATROL,05 FIFTH,ORANGE,"May 17, 2020",1459,MONDAY,7533 ORLANDO TRANSIT AUTHORITY,0733,N,SR 417,US 441,0.25,S,28.3740205,-81.4081389,28.3739821,-81.408353,75301000,4.675,03159,SR 417,,R RIGHT,2 THRU LANE 2,N NORTH,03 TOLL ROAD URBAN,06 TURNPIKE/TOLL,01 NON-JUNCTION,01 ON ROADWAY,01 NOT AT INTERSECTION,01 PAVED,36,"November 12, 2019",12 URBAN PRIN ART EXPR.,24,PAVED WARN,10,LAWN,12,,0,65,87000,RCI,5,1D00,70,2 POSSIBLE INJURY,31 Q/C COMPLETED - LOC VERIFIED,0 NO,01 NOT AT INTERSECTION/RRX/BRIDGE,01 DAYLIGHT,02 CLOUDY,01 DRY,01 LEVEL,1 STRAIGHT,"TWO-WAY, DIVIDED, POSITIVE MED","TWO-WAY, DIVIDED, POSITIVE MED",NO CONTROLS,NO CONTROLS,4,NONE,NOT CODED,NOT CODED,NONE,NOT CODED,NOT CODED,14 MOTOR VEHICLE IN TRANSPORT,01 FRONT TO REAR,01 STRAIGHT AHEAD,OPERATED MV IN CARLESS OR NEGL,NO CONTRIBUTING ACTION,00 NOT CODED,00 NOT CODED,00 NOT CODED,00 NOT CODED,01 NO,1,0,0,0,2,0,2,2,N,N,N,N,N,N,N,N,N,N,N,N,N,N,N,N,N,N,N,N,N,N,N,N,N,N,28.374004928,-81.408427059,459981.737999,3138701.726694,R,,ARBM15Q1R2,"June 10, 2023",2584755,-9062344.992835866,3296210.281358475
2020883031120,2020,883031120,FHPD20OFF034519,FLORIDA HIGHWAY PATROL,05 FIFTH,ORANGE,"May 20, 2020",1757,THURSDAY,7533 ORLANDO TRANSIT AUTHORITY,0733,N,SR 417,SR 408,0.25,S,28.5436619,-81.2539197,28.5484357,-81.2585898,75300030,0.018,02858,SR 417,,R RIGHT,X RAMP,N NORTH,08 RAMP RURAL,06 TURNPIKE/TOLL,01 NON-JUNCTION,01 ON ROADWAY,01 NOT AT INTERSECTION,01 PAVED,0,"December 31, 2000",,24,PAVED,4,VALLEY GUTR,2,,0,,13500,RCI,4.1,,,1 NO INJURY,31 Q/C COMPLETED - LOC VERIFIED,0 NO,08 EXIT RAMP,01 DAYLIGHT,02 CLOUDY,01 DRY,01 LEVEL,1 STRAIGHT,"TWO-WAY, DIVIDED, POSITIVE MED","TWO-WAY, DIVIDED, POSITIVE MED",NO CONTROLS,NO CONTROLS,1,NONE,NOT CODED,NOT CODED,NONE,NOT CODED,NOT CODED,14 MOTOR VEHICLE IN TRANSPORT,"04 SIDESWIPE, SAME DIRECTION",06 CHANGING LANES,NOT CODED,NO CONTRIBUTING ACTION,00 NOT CODED,00 NOT CODED,00 NOT CODED,00 NOT CODED,01 NO,0,0,0,0,1,0,2,1,N,N,N,N,Y,N,N,N,N,N,N,N,N,N,N,N,N,N,N,N,N,N,N,N,N,N,28.548431795,-81.258598457,474703.79148,3157984.686238,O,,ARBM15Q1R2,"June 10, 2023",2585303,-9045666.144931953,3318296.786960397
2020883031130,2020,883031130,FHPD20OFF034829,FLORIDA HIGHWAY PATROL,05 FIFTH,ORANGE,"May 21, 2020",2012,FRIDAY,7533 ORLANDO TRANSIT AUTHORITY,0733,N,SR 408,ALAFAYA TRL,0.019,E,28.5510386,-81.2046202,28.5494945,-81.2075115,75008175,0.223,02752,SR 408,,L LEFT,X RAMP,W WEST,08 RAMP RURAL,06 TURNPIKE/TOLL,14 ENTRANCE/EXIT RAMP,01 ON ROADWAY,01 NOT AT INTERSECTION,01 PAVED,0,"December 31, 2000",,16,PAVED,4,LAWN,12,,0,,13500,RCI,4.1,,,1 NO INJURY,31 Q/C COMPLETED - LOC VERIFIED,0 NO,07 ENTRANCE RAMP,04 DARK-LIGHTED,02 CLOUDY,01 DRY,01 LEVEL,1 STRAIGHT,ONE-WAY TRAFFICWAY,ONE-WAY TRAFFICWAY,NO CONTROLS,NO CONTROLS,1,NONE,NOT CODED,NOT CODED,NONE,NOT CODED,NOT CODED,14 MOTOR VEHICLE IN TRANSPORT,"04 SIDESWIPE, SAME DIRECTION",01 STRAIGHT AHEAD,NOT CODED,NO CONTRIBUTING ACTION,00 NOT CODED,00 NOT CODED,00 NOT CODED,00 NOT CODED,01 NO,0,0,0,0,1,0,2,1,N,N,N,N,Y,N,N,N,N,N,N,N,N,N,N,N,N,N,N,N,N,N,N,N,N,N,28.549478598,-81.207517759,479700.740716,3158090.942368,O,,ARBM15Q1R2,"June 10, 2023",2585304,-9039979.866067233,3318429.447084339
2020883031140,2020,883031140,FHPD20OFF035576,FLORIDA HIGHWAY PATROL,05 FIFTH,ORANGE,"May 25, 2020",1647,TUESDAY,7533 ORLANDO TRANSIT AUTHORITY,0733,N,SR 417,NARCOOSSEE RD,0,,28.4012922,-81.2446264,28.4013242,-81.2447181,75301012,0,03661,SR 417,,L LEFT,X RAMP,N NORTH,08 RAMP RURAL,04 COUNTY,02 INTERSECTION,01 ON ROADWAY,02 FOUR-WAY INTERSECTION,03 CURB,0,"December 31, 2000",,15,CURB&GUTTER,2,,0,,0,,6300,RCI,4.1,,,3 NO-INCAPACITATING INJURY,31 Q/C COMPLETED - LOC VERIFIED,0 NO,07 ENTRANCE RAMP,01 DAYLIGHT,01 CLEAR,01 DRY,01 LEVEL,1 STRAIGHT,"TWO-WAY, DIVIDED, POSITIVE MED","TWO-WAY, DIVIDED, POSITIVE MED",TRAFFIC CONTROL SIGNAL,NO CONTROLS,1,NONE,NOT CODED,NOT CODED,NONE,NOT CODED,NOT CODED,14 MOTOR VEHICLE IN TRANSPORT,02 FRONT TO FRONT,03 TURNING LEFT,OTHER CONTRIBUTING ACTION,NO CONTRIBUTING ACTION,00 NOT CODED,00 NOT CODED,00 NOT CODED,00 NOT CODED,01 NO,1,0,0,0,2,0,2,5,N,N,N,N,N,N,N,N,N,N,N,N,N,N,N,N,N,N,N,N,N,N,N,N,N,N,28.401283139,-81.244713918,476028.7918,3141680.2105,O,,ARBM15Q1R2,"June 10, 2023",2585305,-9044120.524204524,3299661.9370582476
2020883080820,2020,883080820,FHPD20OFF026456,FLORIDA HIGHWAY PATROL,05 FIFTH,ORANGE,"April 4, 2020",2030,SUNDAY,7546 ORLANDO,0746,N,SR 50,PINE HILLS RD,0,,28.55263,-81.44753,28.5525093,-81.4474665,75050000,12.825,02143,SR 50,,R RIGHT,2 THRU LANE 2,W WEST,30 URBAN 6+LN 2WY DIVD RASD,03 STATE,01 NON-JUNCTION,01 ON ROADWAY,02 FOUR-WAY INTERSECTION,03 CURB,44,"April 1, 2018",14 URBAN PRIN ART OTHER,36,PAVED,4,CURB&GUTTER,2,,0,41,42000,RCI,4.6,,45,1 NO INJURY,31 Q/C COMPLETED - LOC VERIFIED,0 NO,02 AT INTERSECTION,01 DAYLIGHT,01 CLEAR,01 DRY,01 LEVEL,1 STRAIGHT,"TWO-WAY, DIVIDED, POSITIVE MED","TWO-WAY, DIVIDED, POSITIVE MED",TRAFFIC CONTROL SIGNAL,TRAFFIC CONTROL SIGNAL,6,NONE,NOT CODED,NOT CODED,NONE,NOT CODED,NOT CODED,14 MOTOR VEHICLE IN TRANSPORT,03 ANGLE,03 TURNING LEFT,OTHER CONTRIBUTING ACTION,OTHER CONTRIBUTING ACTION,00 NOT CODED,00 NOT CODED,00 NOT CODED,00 NOT CODED,01 NO,0,0,0,0,2,0,2,2,N,N,N,Y,N,N,N,N,N,N,N,N,N,N,N,N,N,N,N,N,N,N,N,N,N,N,28.552395546,-81.447467464,456230.023623,3158478.218004,R,,ARBM15Q1R2,"June 10, 2023",2613959,-9066690.95283799,3318799.11380149
2020883138290,2020,883138290,FHPD20OFF037308,FLORIDA HIGHWAY PATROL,05 FIFTH,ORANGE,"June 1, 2020",2306,TUESDAY,7546 ORLANDO,0746,N,I 4,SR 528,0.057,S,28.4247699,-81.47408,0,0,75280000,6.291,01416,SR 400,I 4,R RIGHT,2 THRU LANE 2,E EAST,01 INTERSTATE URBAN,01 INTERSTATE,01 NON-JUNCTION,01 ON ROADWAY,01 NOT AT INTERSECTION,01 PAVED,38,"March 2, 2020",11 URBAN PRIN ART INT.,36,PAVED WARN,12,,0,,0,64,204000,RCI,8,,60,2 POSSIBLE INJURY,31 Q/C COMPLETED - LOC VERIFIED,0 NO,01 NOT AT INTERSECTION/RRX/BRIDGE,04 DARK-LIGHTED,01 CLEAR,01 DRY,01 LEVEL,1 STRAIGHT,"TWO-WAY, DIVIDED, POSITIVE MED","TWO-WAY, DIVIDED, POSITIVE MED",NO CONTROLS,NO CONTROLS,6,NONE,NOT CODED,NOT CODED,NONE,NOT CODED,NOT CODED,14 MOTOR VEHICLE IN TRANSPORT,01 FRONT TO REAR,01 STRAIGHT AHEAD,OPERATED MV IN CARLESS OR NEGL,NO CONTRIBUTING ACTION,00 NOT CODED,00 NOT CODED,00 NOT CODED,00 NOT CODED,01 NO,2,0,0,0,3,0,3,6,N,N,N,N,Y,N,N,N,N,N,N,N,N,N,N,N,N,N,N,N,N,N,N,N,N,N,28.421200036,-81.474070996,453570.351265,3143953.713554,R,,ARBM15Q1R2,"June 10, 2023",2614546,-9069652.44475634,3302182.6870686845
2020883138300,2020,883138300,FHPD20OFF037322,FLORIDA HIGHWAY PATROL,05 FIFTH,ORANGE,"June 2, 2020",0505,WEDNESDAY,7546 ORLANDO,0746,N,I 4,SR 536,0.009,N,28.3647199,-81.5158899,28.3599584,-81.5201752,75280000,1.117,02333,SR 400,I 4,M MEDIAN,M MIDDLE,E EAST,01 INTERSTATE URBAN,01 INTERSTATE,01 NON-JUNCTION,01 ON ROADWAY,01 NOT AT INTERSECTION,01 PAVED,39,"March 2, 2020",11 URBAN PRIN ART INT.,36,PAVED WARN,10,LAWN,2,,0,64,149500,RCI,8.9,,65,3 NO-INCAPACITATING INJURY,31 Q/C COMPLETED - LOC VERIFIED,0 NO,01 NOT AT INTERSECTION/RRX/BRIDGE,04 DARK-LIGHTED,01 CLEAR,01 DRY,01 LEVEL,1 STRAIGHT,"TWO-WAY, DIVIDED, POSITIVE MED","TWO-WAY, DIVIDED, POSITIVE MED",NO CONTROLS,NO CONTROLS,6,NONE,NOT CODED,NOT CODED,NONE,NOT CODED,NOT CODED,14 MOTOR VEHICLE IN TRANSPORT,77 OTHER (SEE NARRATIVE),77 OTHER (SEE NARRATIVE),OPERATED MV IN CARLESS OR NEGL,NO CONTRIBUTING ACTION,00 NOT CODED,00 NOT CODED,00 NOT CODED,00 NOT CODED,01 NO,1,0,0,0,2,0,2,2,N,N,N,N,Y,N,N,N,N,N,Y,N,N,N,N,N,N,N,N,N,Y,N,N,N,N,N,28.359949781,-81.520159288,449027.191187,3137186.807815,R,,ARBM15Q1R2,"June 10, 2023",2614547,-9074782.971204368,3294432.156111057
2020883072730,2020,883072730,FHPD20OFF029129,FLORIDA HIGHWAY PATROL,05 FIFTH,ORANGE,"April 22, 2020",1341,THURSDAY,"7500 UNINCORPORATED, ORANGE",0700,N,SR 408,SR 423,0,,28.5430435,-81.4135891,28.5431299,-81.4135191,75008078,0.192,01326,SR 408,,L LEFT,X RAMP,N NORTH,07 RAMP URBAN,03 STATE,14 ENTRANCE/EXIT RAMP,01 ON ROADWAY,02 FOUR-WAY INTERSECTION,03 CURB,0,"December 31, 2000",,24,CURB&GUTTER,8,CURB&GUTTER,2,,0,,4900,RCI,4.1,,,3 NO-INCAPACITATING INJURY,31 Q/C COMPLETED - LOC VERIFIED,0 NO,08 EXIT RAMP,01 DAYLIGHT,01 CLEAR,01 DRY,01 LEVEL,1 STRAIGHT,"TWO-WAY, DIVIDED, POSITIVE MED","TWO-WAY, DIVIDED, POSITIVE MED",TRAFFIC CONTROL SIGNAL,TRAFFIC CONTROL SIGNAL,2,NONE,NOT CODED,NOT CODED,NONE,NOT CODED,NOT CODED,14 MOTOR VEHICLE IN TRANSPORT,03 ANGLE,01 STRAIGHT AHEAD,RAN RED LIGHT,NO CONTRIBUTING ACTION,00 NOT CODED,00 NOT CODED,00 NOT CODED,00 NOT CODED,01 NO,1,0,0,0,2,0,2,2,N,N,N,N,N,N,N,N,N,N,N,N,N,N,N,N,Y,N,N,N,N,N,N,N,N,N,28.543040455,-81.413577876,459541.4629,3157429.9029,O,,ARBM15Q1R2,"June 10, 2023",2615010,-9062918.38002719,3317613.5706049786
2020883072740,2020,883072740,FHPD20OFF029351,FLORIDA HIGHWAY PATROL,05 FIFTH,ORANGE,"April 23, 2020",1514,FRIDAY,"7500 UNINCORPORATED, ORANGE",0700,N,SR 50,SOPHIE BLVD,0,,28.5664599,-81.2034199,28.5663537,-81.2031198,75060000,11.997,05200,SR 50,,R RIGHT,S SIDE OF ROAD,W WEST,30 URBAN 6+LN 2WY DIVD RASD,03 STATE,03 INTERSECTION-RELATED,02 OFF ROADWAY,02 FOUR-WAY INTERSECTION,03 CURB,39,"September 9, 2019",14 URBAN PRIN ART OTHER,36,PAVED,4,CURB&GUTTER,2,,0,34,48000,RCI,2.9,,45,1 NO INJURY,31 Q/C COMPLETED - LOC VERIFIED,0 NO,02 AT INTERSECTION,01 DAYLIGHT,03 RAIN,02 WET,01 LEVEL,1 STRAIGHT,"TWO-WAY, DIVIDED, POSITIVE MED",,TRAFFIC CONTROL SIGNAL,NOT CODED,6,NONE,NOT CODED,NOT CODED,NONE,NOT CODED,NOT CODED,34 TRAFFIC SIGN SUPPORT,77 OTHER (SEE NARRATIVE),77 OTHER (SEE NARRATIVE),NOT CODED,NOT CODED,00 NOT CODED,00 NOT CODED,00 NOT CODED,00 NOT CODED,01 NO,0,0,0,0,0,0,1,2,N,N,N,Y,N,N,N,N,N,N,N,N,N,N,N,N,N,N,N,N,N,N,N,N,N,N,28.566313654,-81.203215878,480124.711359,3159955.285703,R,,ARBM15Q1R2,"June 10, 2023",2615011,-9039500.982682047,3320563.1107076
2020883274520,2020,883274520,FHPD20OFF042331,FLORIDA HIGHWAY PATROL,05 FIFTH,ORANGE,"June 22, 2020",2105,TUESDAY,7554 WINTER PARK,0754,N,I 4,MM 87 ENT RAMP,0,,28.59262,-81.38145,28.593232,-81.3814346,75280097,0,01311,SR 400,I 4,R RIGHT,X RAMP,E EAST,08 RAMP RURAL,01 INTERSTATE,14 ENTRANCE/EXIT RAMP,02 OFF ROADWAY,01 NOT AT INTERSECTION,01 PAVED,0,"December 31, 2000",,24,CURB&GUTTER,2,LAWN,8,,0,,9700,RCI,3.1,,,3 NO-INCAPACITATING INJURY,31 Q/C COMPLETED - LOC VERIFIED,0 NO,07 ENTRANCE RAMP,04 DARK-LIGHTED,01 CLEAR,01 DRY,01 LEVEL,1 STRAIGHT,"TWO-WAY, DIVIDED, POSITIVE MED",,NO CONTROLS,NOT CODED,2,NONE,NOT CODED,NOT CODED,NONE,NOT CODED,NOT CODED,30 CONCRETE TRAFFIC BARRIER,77 OTHER (SEE NARRATIVE),01 STRAIGHT AHEAD,FAILED TO KEEP IN PROPER LANE,NOT CODED,00 NOT CODED,00 NOT CODED,00 NOT CODED,00 NOT CODED,01 NO,1,0,0,0,1,0,1,1,N,N,N,N,Y,N,N,N,N,N,N,N,N,N,N,N,N,N,N,N,N,N,N,N,N,N,28.593228258,-81.381442913,462702.8155,3162979.5715,O,,ARBM15Q1R2,"June 10, 2023",2615040,-9059341.131368214,3323974.9581669755
2020882969610,2020,882969610,FHPD20OFF026939,FLORIDA HIGHWAY PATROL,05 FIFTH,ORANGE,"April 8, 2020",0609,THURSDAY,7533 ORLANDO TRANSIT AUTHORITY,0733,N,SR 417,LEEVISTA BLVD,0.189,N,28.4622199,-81.2330299,28.4807188,-81.2401254,75300000,1.58,03561,SR 417,,L LEFT,3 THRU LANE 3,S SOUTH,03 TOLL ROAD URBAN,06 TURNPIKE/TOLL,01 NON-JUNCTION,01 ON ROADWAY,01 NOT AT INTERSECTION,01 PAVED,37,"November 12, 2019",12 URBAN PRIN ART EXPR.,36,PAVED WARN,8,VALLEY GUTR,3.5,,0,40,116500,RCI,5,,70,3 NO-INCAPACITATING INJURY,31 Q/C COMPLETED - LOC VERIFIED,0 NO,01 NOT AT INTERSECTION/RRX/BRIDGE,03 DAWN,01 CLEAR,01 DRY,01 LEVEL,1 STRAIGHT,"TWO-WAY, DIVIDED, POSITIVE MED","TWO-WAY, DIVIDED, POSITIVE MED",NO CONTROLS,NO CONTROLS,6,NONE,NOT CODED,NOT CODED,NONE,NOT CODED,NOT CODED,14 MOTOR VEHICLE IN TRANSPORT,"04 SIDESWIPE, SAME DIRECTION",06 CHANGING LANES,OTHER CONTRIBUTING ACTION,NO CONTRIBUTING ACTION,00 NOT CODED,00 NOT CODED,00 NOT CODED,00 NOT CODED,01 NO,1,0,0,0,2,0,2,2,N,N,N,N,Y,N,N,N,N,N,Y,N,N,N,N,N,N,N,N,N,N,N,N,N,N,N,28.480634488,-81.240378842,476471.004811,3150470.120444,L,,ARBM15Q1R2,"June 10, 2023",2615086,-9043637.945888711,3309707.736732518
2020882969620,2020,882969620,FHPD20OFF027169,FLORIDA HIGHWAY PATROL,05 FIFTH,ORANGE,"April 9, 2020",1133,FRIDAY,7533 ORLANDO TRANSIT AUTHORITY,0733,N,SR 408,SR 435,0,,28.54898,-81.4573599,28.5485491,-81.4542419,75008009,0,01504,SR 408,,L LEFT,X RAMP,W WEST,08 RAMP RURAL,06 TURNPIKE/TOLL,14 ENTRANCE/EXIT RAMP,03 SHOULDER,01 NOT AT INTERSECTION,01 PAVED,0,"December 31, 2000",,16,PAVED,5,LAWN,4,,0,,5400,RCI,4.1,,,1 NO INJURY,31 Q/C COMPLETED - LOC VERIFIED,0 NO,08 EXIT RAMP,01 DAYLIGHT,01 CLEAR,01 DRY,01 LEVEL,2 CURVE RIGHT,ONE-WAY TRAFFICWAY,,NO CONTROLS,NOT CODED,1,NONE,NOT CODED,NOT CODED,NONE,NOT CODED,NOT CODED,33 UTILITY POLE/LIGHT SUPPORT,77 OTHER (SEE NARRATIVE),15 NEGOTIATING A CURVE,FAILED TO KEEP IN PROPER LANE,NOT CODED,00 NOT CODED,00 NOT CODED,00 NOT CODED,00 NOT CODED,01 NO,0,0,0,0,1,0,1,2,N,N,N,N,Y,N,N,N,N,N,Y,N,N,N,N,N,N,N,N,N,Y,N,N,N,N,N,28.548554299,-81.454244868,455565.4575,3158055.1553,O,,ARBM15Q1R2,"June 10, 2023",2615087,-9067445.410147673,3318312.3111258303
2020882969630,2020,882969630,FHPD20OFF028075,FLORIDA HIGHWAY PATROL,05 FIFTH,ORANGE,"April 15, 2020",1210,THURSDAY,7533 ORLANDO TRANSIT AUTHORITY,0733,N,SR 417,LEE VISTA BLVD,0.189,N,28.4711829,-81.2351958,28.4807188,-81.2401254,75300000,1.58,03561,SR 417,,L LEFT,S SIDE OF ROAD,S SOUTH,03 TOLL ROAD URBAN,06 TURNPIKE/TOLL,01 NON-JUNCTION,03 SHOULDER,01 NOT AT INTERSECTION,01 PAVED,37,"November 12, 2019",12 URBAN PRIN ART EXPR.,36,PAVED WARN,8,VALLEY GUTR,3.5,,0,40,116500,RCI,5,,70,2 POSSIBLE INJURY,31 Q/C COMPLETED - LOC VERIFIED,0 NO,01 NOT AT INTERSECTION/RRX/BRIDGE,01 DAYLIGHT,03 RAIN,02 WET,01 LEVEL,1 STRAIGHT,"TWO-WAY, DIVIDED, POSITIVE MED",,NO CONTROLS,NOT CODED,6,NONE,NOT CODED,NOT CODED,NONE,NOT CODED,NOT CODED,01 OVERTURN/ROLLOVER,77 OTHER (SEE NARRATIVE),77 OTHER (SEE NARRATIVE),FAILED TO KEEP IN PROPER LANE,NOT CODED,00 NOT CODED,00 NOT CODED,00 NOT CODED,00 NOT CODED,01 NO,1,0,0,0,1,0,1,1,N,N,N,N,Y,N,N,N,N,N,Y,N,N,N,N,N,N,N,N,N,N,N,N,N,N,N,28.480634488,-81.240378842,476471.004811,3150470.120444,L,,ARBM15Q1R2,"June 10, 2023",2615088,-9043637.945888711,3309707.736732518
2020883138200,2020,883138200,FHPD20OFF026703,FLORIDA HIGHWAY PATROL,05 FIFTH,ORANGE,"April 6, 2020",1533,TUESDAY,7546 ORLANDO,0746,N,I 4,SR 535,0.004,E,28.37471,-81.5069299,28.3786238,-81.5045488,75280081,0.168,01276,SR 400,I 4,L LEFT,X RAMP,W WEST,07 RAMP URBAN,01 INTERSTATE,14 ENTRANCE/EXIT RAMP,01 ON ROADWAY,01 NOT AT INTERSECTION,01 PAVED,0,"December 31, 2000",,24,PAVED,8,LAWN,12,,0,,22000,RCI,6.9,,,1 NO INJURY,31 Q/C COMPLETED - LOC VERIFIED,0 NO,08 EXIT RAMP,01 DAYLIGHT,01 CLEAR,01 DRY,01 LEVEL,1 STRAIGHT,ONE-WAY TRAFFICWAY,ONE-WAY TRAFFICWAY,TRAFFIC CONTROL SIGNAL,TRAFFIC CONTROL SIGNAL,2,NONE,NOT CODED,NOT CODED,NONE,NOT CODED,NOT CODED,14 MOTOR VEHICLE IN TRANSPORT,01 FRONT TO REAR,01 STRAIGHT AHEAD,OPERATED MV IN CARLESS OR NEGL,NO CONTRIBUTING ACTION,00 NOT CODED,00 NOT CODED,00 NOT CODED,00 NOT CODED,01 NO,0,0,0,0,2,0,2,4,N,N,N,N,N,N,N,N,N,N,Y,N,N,N,N,N,N,N,N,N,N,N,N,N,N,N,28.378641574,-81.504531236,450567.342669,3139251.044206,O,,ARBM15Q1R2,"June 10, 2023",2616123,-9073043.263974829,3296796.9175556693