Crash Id,Calendar Year,FDOT Crash Number,Reporting Agency Case Number,Reporting Agency Type,FDOT Managing District,County Name,Crash Date,Crash Time,Day,DHSMV City,Crash Report City Code,In Town,On Roadway Name,Int Roadway Name,Reference Distance (Miles),Reference Direction,Officer Latitude,Officer Longitude,FDOT Latitude,FDOT Longitude,FDOT Roadway,Nearest Inventory MP,Nearest Node From Crash,State Road #,US Highway,Crash Side of Road,Accident Lane Number,Travel Direction Vehicle 1,FDOT Road Category,DHSMV Road System Id,Relation to Junction,Crash Harmful Event Location,Intersection Type,Shoulder Type,FDOT Roadway SKID Test Result,FDOT Roadway SKID Test Date,Functional Class,RCI Surface Width,RCI Shoulder Type First,RCI Shoulder Width First,RCI Shoulder Type Second,RCI Shoulder Width Second,RCI Shoulder Type Third,RCI Shoulder Width Third,RCI Median Width,Avg Daily Traffic,AADT Source,RCI Avg Per Truck Traffic,RCI Horiz Curve Condition,Posted Speed Limit,Highest Injury in Crash,CAR Status Code,Alcohols/Drug Involved,Site Location,Lighting,Weather,Road Surface,Roadway Grade,Roadway Alignment,Traffic Way Vehicle 1,Traffic Way Vehicle 2,Traffic Control Vehicle 1,Traffic Control Vehicle 2,Count of Lanes,Road Condition 1,Road Condition 2,Road Condition 3,Environment Condition 1,Environment Condition 2,Environment Condition 3,Crash Harmful Event,Manner of Collision,Vehicle Movement,Driver Action Vehicle 1,Driver Action Vehicle 2,Location Within Workzone,Type of Workzone,Workers Present in Workzone,Law Enforcement Present in Workzone,School Bus Related,Count of Nonfatal Injuries,Count of Traffic Fatalities,Count of Serious Injuries,Count of Pedestrians,Count of Drivers,Count of Bicyclists,Count of Vehicles,Count of Persons,Wrong Way,Workzone Inv,Commercial Vehicle Inv,Intersection Inv,Lane Departure,Speeding,Agressive Driving,Impaired Driver,Impaired Pedestrian,Impaired Bicyclist,Distracted Driver,Speeding or Aggressive Driving,Pedestrian Related,Bicyclist Related,Pedestrian or Bicyclist Related,Motorcycle Inv,No Belt,No Belt - Ages 1-4,No Belt - Ages 5-12,No Belt - Ages 13-17,Driver - Ages Teen,Driver - Ages 65 plus,Driver - Ages 65-69,Driver - Ages 70-74,Driver - Ages 75-79,Driver - Ages 80 plus,ARBM Latitude,ARBM Longitude,UTM Zone 17N X,UTM Zone 17N Y,ARBM Side of Road,Urban Rural Indicator,GIS Street Source,Extract Date,OBJECTID,x,y
2020883407440,2020,883407440,FHPD20OFF035348,FLORIDA HIGHWAY PATROL,05 FIFTH,ORANGE,"May 24, 2020",1330,MONDAY,"7500 UNINCORPORATED, ORANGE",0700,N,US 441,TROPICAL DR,0,,28.4882199,-81.3967999,28.4872636,-81.3967712,75010000,9.649,02477,SR 500,US 17,L LEFT,1 THRU LANE 1,S SOUTH,30 URBAN 6+LN 2WY DIVD RASD,02 U.S.,02 INTERSECTION,01 ON ROADWAY,03 T-INTERSECTION,03 CURB,38,"March 1, 2020",14 URBAN PRIN ART OTHER,32,CURB&GUTTER,2,,0,,0,15,58500,RCI,6.2,,40,3 NO-INCAPACITATING INJURY,31 Q/C COMPLETED - LOC VERIFIED,0 NO,02 AT INTERSECTION,01 DAYLIGHT,03 RAIN,02 WET,01 LEVEL,1 STRAIGHT,"TWO-WAY, DIVIDED, POSITIVE MED","TWO-WAY, DIVIDED, POSITIVE MED",NO CONTROLS,NO CONTROLS,6,"RD SURFC (WET, ICY, SNOW, ETC)",NOT CODED,NOT CODED,WEATHER CONDITIONS,NOT CODED,NOT CODED,14 MOTOR VEHICLE IN TRANSPORT,01 FRONT TO REAR,01 STRAIGHT AHEAD,DROVE TOO FAST FOR CONDITIONS,NO CONTRIBUTING ACTION,00 NOT CODED,00 NOT CODED,00 NOT CODED,00 NOT CODED,01 NO,4,0,0,0,2,0,2,4,N,N,N,Y,N,Y,N,N,N,N,Y,Y,N,N,N,N,N,N,N,N,N,N,N,N,N,N,28.487275321,-81.396847648,461157.695509,3151246.435379,L,,ARBM15Q1R2,"June 10, 2023",2730231,-9061055.978760412,3310548.8009161777
2020883544750,2020,883544750,FHPD20OFF041565,FLORIDA HIGHWAY PATROL,05 FIFTH,ORANGE,"June 19, 2020",1700,SATURDAY,"7500 UNINCORPORATED, ORANGE",0700,N,SR 551,SNYDER DR,0,,28.53707,-81.2856599,28.5370457,-81.2857425,75200000,4.28,00298,SR 551,,R RIGHT,2 THRU LANE 2,E EAST,20 URBAN 4-5LN 2WY DIVD RASD,03 STATE,02 INTERSECTION,01 ON ROADWAY,03 T-INTERSECTION,03 CURB,36,"February 11, 2020",16 URBAN MINOR ART,26,PAVED,4,CURB&GUTTER,2,,0,22,43500,RCI,3.6,,45,3 NO-INCAPACITATING INJURY,31 Q/C COMPLETED - LOC VERIFIED,0 NO,02 AT INTERSECTION,01 DAYLIGHT,01 CLEAR,01 DRY,01 LEVEL,1 STRAIGHT,"TWO-WAY, DIVIDED, POSITIVE MED","TWO-WAY, DIVIDED, POSITIVE MED",NO CONTROLS,NO CONTROLS,4,NONE,NOT CODED,NOT CODED,NONE,NOT CODED,NOT CODED,14 MOTOR VEHICLE IN TRANSPORT,03 ANGLE,03 TURNING LEFT,FAILED TO YIELD RIGHT-OF-WAY,NO CONTRIBUTING ACTION,00 NOT CODED,00 NOT CODED,00 NOT CODED,00 NOT CODED,01 NO,2,0,0,0,2,0,2,2,N,N,N,Y,N,N,N,N,N,N,Y,N,N,N,N,N,N,N,N,N,N,N,N,N,N,N,28.536781384,-81.285655923,472053.932729,3156700.007008,R,,ARBM15Q1R2,"June 10, 2023",2730275,-9048678.169219503,3316820.4361393647
2020883544770,2020,883544770,FHPD20OFF041746,FLORIDA HIGHWAY PATROL,05 FIFTH,ORANGE,"June 20, 2020",1420,SUNDAY,"7500 UNINCORPORATED, ORANGE",0700,N,HOFFNER AVE,KEMPSTON DR,0,,28.4806199,-81.31578,28.4805917,-81.3158944,75080000,11.931,00177,SR 15,,L LEFT,2 THRU LANE 2,S SOUTH,20 URBAN 4-5LN 2WY DIVD RASD,04 COUNTY,02 INTERSECTION,01 ON ROADWAY,02 FOUR-WAY INTERSECTION,03 CURB,42,"January 9, 2019",16 URBAN MINOR ART,22,PAVED,4,CURB&GUTTER,2,,0,22,25500,RCI,4.5,,45,3 NO-INCAPACITATING INJURY,31 Q/C COMPLETED - LOC VERIFIED,0 NO,02 AT INTERSECTION,01 DAYLIGHT,01 CLEAR,01 DRY,01 LEVEL,1 STRAIGHT,"TWO-WAY, DIVIDED, POSITIVE MED","TWO-WAY, DIVIDED, POSITIVE MED",NO CONTROLS,NO CONTROLS,4,NONE,NOT CODED,NOT CODED,NONE,NOT CODED,NOT CODED,14 MOTOR VEHICLE IN TRANSPORT,03 ANGLE,03 TURNING LEFT,FAILED TO YIELD RIGHT-OF-WAY,NO CONTRIBUTING ACTION,00 NOT CODED,00 NOT CODED,00 NOT CODED,00 NOT CODED,01 NO,1,0,0,0,2,0,2,3,N,N,N,Y,N,N,N,N,N,N,Y,N,N,N,N,Y,N,N,N,N,N,Y,N,N,Y,N,28.480614669,-81.315849299,469083.690295,3150485.024336,C,,ARBM15Q1R2,"June 10, 2023",2730276,-9052039.28117969,3309705.2265433273
2020883554770,2020,883554770,FHPD20OFF041090,FLORIDA HIGHWAY PATROL,05 FIFTH,ORANGE,"June 17, 2020",1916,THURSDAY,7546 ORLANDO,0746,N,SR 482,SR 500,0,,28.4501754,-81.4007512,28.4502518,-81.4006724,75002000,4.618,05600,SR 482,,R RIGHT,3 THRU LANE 3,N NORTH,30 URBAN 6+LN 2WY DIVD RASD,03 STATE,02 INTERSECTION,01 ON ROADWAY,02 FOUR-WAY INTERSECTION,03 CURB,40,"March 3, 2020",16 URBAN MINOR ART,36,CURB&GUTTER,2,,0,,0,30,46500,RCI,11.4,,45,2 POSSIBLE INJURY,31 Q/C COMPLETED - LOC VERIFIED,0 NO,02 AT INTERSECTION,01 DAYLIGHT,02 CLOUDY,02 WET,01 LEVEL,1 STRAIGHT,"TWO-WAY, DIVIDED, POSITIVE MED","TWO-WAY, DIVIDED, POSITIVE MED",TRAFFIC CONTROL SIGNAL,TRAFFIC CONTROL SIGNAL,6,NONE,NOT CODED,NOT CODED,NONE,NOT CODED,NOT CODED,14 MOTOR VEHICLE IN TRANSPORT,03 ANGLE,05 TURNING RIGHT,RAN RED LIGHT,NO CONTRIBUTING ACTION,00 NOT CODED,00 NOT CODED,00 NOT CODED,00 NOT CODED,01 NO,3,0,0,0,2,0,2,3,N,N,N,Y,N,N,N,N,N,N,Y,N,N,N,N,N,N,N,N,N,Y,N,N,N,N,N,28.450176843,-81.400661665,460770.687166,3147137.749113,R,,ARBM15Q1R2,"June 10, 2023",2730293,-9061480.553090872,3305850.938313695
2020883554790,2020,883554790,FHPD20OFF041371,FLORIDA HIGHWAY PATROL,05 FIFTH,ORANGE,"June 18, 2020",1946,FRIDAY,7546 ORLANDO,0746,N,US 441,CINDERLANE PKWY,0.095,N,28.6112058,-81.4295541,28.6111798,-81.4296307,75020000,4.634,03016,SR 500,US 441,L LEFT,1 THRU LANE 1,S SOUTH,23 SUBURBAN 4-5LN 2WY DIVD RASD,02 U.S.,04 DRIVEWAY/ALLEY ACCESS RELATED,01 ON ROADWAY,01 NOT AT INTERSECTION,02 UNPAVED,40,"January 22, 2020",14 URBAN PRIN ART OTHER,23,PAVED,4,LAWN,6,,0,40,31500,RCI,4.6,0D3000,50,3 NO-INCAPACITATING INJURY,31 Q/C COMPLETED - LOC VERIFIED,0 NO,04 DRIVEWAY ACCESS,01 DAYLIGHT,01 CLEAR,01 DRY,01 LEVEL,1 STRAIGHT,"TWO-WAY, DIVIDED, POSITIVE MED","TWO-WAY, DIVIDED, POSITIVE MED",NO CONTROLS,NO CONTROLS,4,NONE,NOT CODED,NOT CODED,NONE,NOT CODED,NOT CODED,14 MOTOR VEHICLE IN TRANSPORT,03 ANGLE,01 STRAIGHT AHEAD,OTHER CONTRIBUTING ACTION,OTHER CONTRIBUTING ACTION,00 NOT CODED,00 NOT CODED,00 NOT CODED,00 NOT CODED,01 NO,3,0,0,0,2,0,2,3,N,N,N,N,N,N,N,N,N,N,N,N,N,N,N,N,N,N,N,N,N,N,N,N,N,N,28.611175918,-81.429782967,457983.258115,3164983.946297,L,,ARBM15Q1R2,"June 10, 2023",2730294,-9064722.323209062,3326250.5907577137
2020883535190,2020,883535190,FHPD20OFF037521,FLORIDA HIGHWAY PATROL,05 FIFTH,ORANGE,"June 2, 2020",2033,WEDNESDAY,7546 ORLANDO,0746,N,US 441,18TH ST,0,,28.52276,-81.39708,28.5227549,-81.3970634,75010000,12.092,01956,SR 500,US 17,L LEFT,1 THRU LANE 1,W WEST,20 URBAN 4-5LN 2WY DIVD RASD,02 U.S.,02 INTERSECTION,01 ON ROADWAY,02 FOUR-WAY INTERSECTION,03 CURB,35,"March 1, 2020",14 URBAN PRIN ART OTHER,24,CURB&GUTTER,2,,0,,0,16,31500,RCI,8.7,,35,2 POSSIBLE INJURY,31 Q/C COMPLETED - LOC VERIFIED,0 NO,02 AT INTERSECTION,04 DARK-LIGHTED,03 RAIN,02 WET,01 LEVEL,1 STRAIGHT,"TWO-WAY, DIVIDED, POSITIVE MED","TWO-WAY, DIVIDED, POSITIVE MED",STOP SIGN,NO CONTROLS,4,NONE,NOT CODED,NOT CODED,NONE,NOT CODED,NOT CODED,14 MOTOR VEHICLE IN TRANSPORT,03 ANGLE,01 STRAIGHT AHEAD,FAILED TO YIELD RIGHT-OF-WAY,NO CONTRIBUTING ACTION,00 NOT CODED,00 NOT CODED,00 NOT CODED,00 NOT CODED,01 NO,1,0,0,0,2,0,2,3,N,N,N,Y,N,N,N,N,N,N,N,N,N,N,N,N,N,N,N,N,Y,N,N,N,N,N,28.522753209,-81.39707687,461148.259264,3155176.919249,C,,ARBM15Q1R2,"June 10, 2023",2730320,-9061081.495782336,3315042.9889226784
2020883454540,2020,883454540,FHPD20OFF040652,FLORIDA HIGHWAY PATROL,05 FIFTH,ORANGE,"June 16, 2020",0844,WEDNESDAY,"7500 UNINCORPORATED, ORANGE",0700,N,US 441,MAGNOLIA ST,0.009,S,28.73093,-81.6060499,28.7301202,-81.6051979,75020000,18.613,00658,SR 500,US 441,R RIGHT,1 THRU LANE 1,N NORTH,23 SUBURBAN 4-5LN 2WY DIVD RASD,02 U.S.,01 NON-JUNCTION,01 ON ROADWAY,01 NOT AT INTERSECTION,03 CURB,36,"January 22, 2020",14 URBAN PRIN ART OTHER,24,PAVED,4,LAWN,8,,0,14,24000,RCI,3.5,,45,2 POSSIBLE INJURY,31 Q/C COMPLETED - LOC VERIFIED,0 NO,03 INFLUENCED BY INTERSECTION,01 DAYLIGHT,01 CLEAR,01 DRY,01 LEVEL,1 STRAIGHT,"TWO-WAY, DIVIDED, POSITIVE MED","TWO-WAY, DIVIDED, POSITIVE MED",TRAFFIC CONTROL SIGNAL,TRAFFIC CONTROL SIGNAL,4,NONE,NOT CODED,NOT CODED,NONE,NOT CODED,NOT CODED,14 MOTOR VEHICLE IN TRANSPORT,01 FRONT TO REAR,01 STRAIGHT AHEAD,OPERATED MV IN CARLESS OR NEGL,NO CONTRIBUTING ACTION,00 NOT CODED,00 NOT CODED,00 NOT CODED,00 NOT CODED,01 NO,1,0,0,0,2,0,2,3,N,N,N,Y,N,N,N,N,N,N,N,N,N,N,N,N,N,N,N,N,N,Y,N,Y,N,N,28.730188542,-81.605199216,440900.61723,3178243.45554,R,,ARBM15Q1R2,"June 10, 2023",2730419,-9084249.576905463,3341350.381119768
2020883454580,2020,883454580,FHPD20OFF040938,FLORIDA HIGHWAY PATROL,05 FIFTH,ORANGE,"June 17, 2020",1022,THURSDAY,7546 ORLANDO,0746,N,SR 436,SR 50,0,,28.55702,-81.3106999,28.5572805,-81.3107746,75003000,7.313,04792,SR 436,,I INTERSECTION,M MIDDLE,S SOUTH,30 URBAN 6+LN 2WY DIVD RASD,03 STATE,02 INTERSECTION,01 ON ROADWAY,02 FOUR-WAY INTERSECTION,03 CURB,40,"March 2, 2020",14 URBAN PRIN ART OTHER,33,CURB&GUTTER,2,,0,,0,25,64500,RCI,4.2,,45,1 NO INJURY,31 Q/C COMPLETED - LOC VERIFIED,0 NO,02 AT INTERSECTION,01 DAYLIGHT,01 CLEAR,01 DRY,01 LEVEL,1 STRAIGHT,"TWO-WAY, DIVIDED, POSITIVE MED","TWO-WAY, DIVIDED, POSITIVE MED",TRAFFIC CONTROL SIGNAL,TRAFFIC CONTROL SIGNAL,6,NONE,NOT CODED,NOT CODED,NONE,NOT CODED,NOT CODED,14 MOTOR VEHICLE IN TRANSPORT,"04 SIDESWIPE, SAME DIRECTION",03 TURNING LEFT,FAILED TO KEEP IN PROPER LANE,NO CONTRIBUTING ACTION,00 NOT CODED,00 NOT CODED,00 NOT CODED,00 NOT CODED,01 NO,0,0,0,0,2,0,2,3,N,N,N,Y,N,N,N,N,N,N,N,N,N,N,N,N,N,N,N,N,N,Y,N,N,N,Y,28.557302404,-81.310706911,469609.043063,3158979.518984,R,,ARBM15Q1R2,"June 10, 2023",2730420,-9051466.83316164,3319420.9881439484
2020883594970,2020,883594970,FHPD20OFF041410,FLORIDA HIGHWAY PATROL,05 FIFTH,ORANGE,"June 19, 2020",0055,SATURDAY,7546 ORLANDO,0746,N,SR 528,MILE MARKER #29 R,0,,28.4523599,-81.01017,28.4523619,-81.0106575,75002000,28.418,01886,SR 528,,R RIGHT,2 THRU LANE 2,E EAST,04 TOLL ROAD RURAL,03 STATE,01 NON-JUNCTION,01 ON ROADWAY,01 NOT AT INTERSECTION,01 PAVED,38,"April 2, 2018",02 RURAL PRIN ART EXPR.,24,PAVED WARN,10,LAWN,12,,0,42,56500,RCI,8.9,,70,1 NO INJURY,31 Q/C COMPLETED - LOC VERIFIED,0 NO,01 NOT AT INTERSECTION/RRX/BRIDGE,05 DARK-NOT LIGHTED,01 CLEAR,01 DRY,01 LEVEL,1 STRAIGHT,"TWO-WAY, DIVIDED, POSITIVE MED","TWO-WAY, DIVIDED, POSITIVE MED",NO CONTROLS,NO CONTROLS,4,NONE,NOT CODED,NOT CODED,NONE,NOT CODED,NOT CODED,14 MOTOR VEHICLE IN TRANSPORT,01 FRONT TO REAR,06 CHANGING LANES,OPERATED MV IN CARLESS OR NEGL,NO CONTRIBUTING ACTION,00 NOT CODED,00 NOT CODED,00 NOT CODED,00 NOT CODED,01 NO,0,0,0,0,2,0,2,4,N,N,N,N,N,N,N,N,N,N,N,N,N,N,N,N,N,N,N,N,N,N,N,N,N,N,28.45236787,-81.010430711,498978.740949,3147315.176466,R,,ARBM15Q1R2,"June 10, 2023",2730432,-9018040.22947835,3306128.3483954975
2020883441210,2020,883441210,FHPD20OFF039275,FLORIDA HIGHWAY PATROL,05 FIFTH,ORANGE,"June 9, 2020",1955,WEDNESDAY,"7500 UNINCORPORATED, ORANGE",0700,N,SR 436,OLD CHENEY HWY,0.005,S,28.5615891,-81.3108488,28.5618728,-81.3108518,75003000,7.629,00881,SR 436,,L LEFT,3 THRU LANE 3,N NORTH,30 URBAN 6+LN 2WY DIVD RASD,03 STATE,03 INTERSECTION-RELATED,01 ON ROADWAY,01 NOT AT INTERSECTION,03 CURB,39,"March 2, 2020",14 URBAN PRIN ART OTHER,33,CURB&GUTTER,2,,0,,0,20,52000,RCI,4.4,,45,4 INCAPACITATING INJURY,31 Q/C COMPLETED - LOC VERIFIED,0 NO,03 INFLUENCED BY INTERSECTION,02 DUSK,01 CLEAR,01 DRY,01 LEVEL,1 STRAIGHT,"TWO-WAY, DIVIDED, POSITIVE MED",,NO CONTROLS,NOT CODED,6,NONE,NOT CODED,NOT CODED,NONE,NOT CODED,NOT CODED,10 PEDESTRIAN,77 OTHER (SEE NARRATIVE),77 OTHER (SEE NARRATIVE),SWERVED OR AVOIDED:  DUE TO WI,NOT CODED,00 NOT CODED,00 NOT CODED,00 NOT CODED,00 NOT CODED,01 NO,1,0,1,1,1,0,1,2,N,N,N,Y,N,N,N,N,N,N,N,N,Y,N,Y,N,N,N,N,N,N,N,N,N,N,N,28.561881445,-81.310851084,469596.256789,3159486.845087,C,,ARBM15Q1R2,"June 10, 2023",2730434,-9051482.882577403,3320001.3421154977
2020883441290,2020,883441290,FHPD20OFF040111,FLORIDA HIGHWAY PATROL,05 FIFTH,ORANGE,"June 13, 2020",1450,SUNDAY,"7500 UNINCORPORATED, ORANGE",0700,N,SR 50,GOOD HOMES RD,0.114,E,28.5518093,-81.5024598,28.5518964,-81.5029555,75050000,9.452,02565,SR 50,,R RIGHT,S SIDE OF ROAD,W WEST,30 URBAN 6+LN 2WY DIVD RASD,03 STATE,01 NON-JUNCTION,03 SHOULDER,01 NOT AT INTERSECTION,03 CURB,44,"April 1, 2018",14 URBAN PRIN ART OTHER,36,PAVED,4,CURB&GUTTER,2,,0,30,30500,RCI,4.2,,45,2 POSSIBLE INJURY,31 Q/C COMPLETED - LOC VERIFIED,0 NO,01 NOT AT INTERSECTION/RRX/BRIDGE,01 DAYLIGHT,03 RAIN,02 WET,01 LEVEL,1 STRAIGHT,"TWO-WAY, DIVIDED, POSITIVE MED","TWO-WAY, NOT DIVIDED",NO CONTROLS,STOP SIGN,6,NONE,NOT CODED,NOT CODED,NONE,NOT CODED,NOT CODED,27 GUARDRAIL FACE,77 OTHER (SEE NARRATIVE),77 OTHER (SEE NARRATIVE),OTHER CONTRIBUTING ACTION,NO CONTRIBUTING ACTION,00 NOT CODED,00 NOT CODED,00 NOT CODED,00 NOT CODED,01 NO,1,0,0,0,2,0,2,2,N,N,N,N,Y,N,N,N,N,N,N,N,N,N,N,N,N,N,N,N,N,Y,Y,N,N,N,28.551794657,-81.503008225,450796.835118,3158433.186671,R,,ARBM15Q1R2,"June 10, 2023",2730435,-9072873.723878462,3318722.9616473005
2020883408910,2020,883408910,FHPD20OFF027732,FLORIDA HIGHWAY PATROL,05 FIFTH,ORANGE,"April 13, 2020",0902,TUESDAY,7546 ORLANDO,0746,N,CONSULATE DR,US 441,0.001,W,28.42829,-81.4047199,28.4281852,-81.4047136,75010000,5.527,01834,SR 500,US 17,T SIDE RD LEFT,1 THRU LANE 1,E EAST,30 URBAN 6+LN 2WY DIVD RASD,05 LOCAL,01 NON-JUNCTION,01 ON ROADWAY,01 NOT AT INTERSECTION,03 CURB,38,"March 1, 2020",14 URBAN PRIN ART OTHER,32,CURB&GUTTER,2,,0,,0,27,40500,RCI,7.8,,45,2 POSSIBLE INJURY,31 Q/C COMPLETED - LOC VERIFIED,0 NO,03 INFLUENCED BY INTERSECTION,01 DAYLIGHT,01 CLEAR,01 DRY,01 LEVEL,1 STRAIGHT,"TWO-WAY, DIVIDED, POSITIVE MED","TWO-WAY, DIVIDED, POSITIVE MED",NO CONTROLS,NO CONTROLS,6,NONE,NOT CODED,NOT CODED,NONE,NOT CODED,NOT CODED,14 MOTOR VEHICLE IN TRANSPORT,01 FRONT TO REAR,01 STRAIGHT AHEAD,OPERATED MV IN CARLESS OR NEGL,NO CONTRIBUTING ACTION,00 NOT CODED,00 NOT CODED,00 NOT CODED,00 NOT CODED,01 NO,2,0,0,0,2,0,2,2,N,N,N,Y,N,N,N,N,N,N,N,N,N,N,N,N,N,N,N,N,N,N,N,N,N,N,28.428194268,-81.404716888,460365.439052,3144703.766219,C,,ARBM15Q1R2,"June 10, 2023",2730523,-9061931.9784875,3303068.0136997355
2020883544710,2020,883544710,FHPD20OFF041304,FLORIDA HIGHWAY PATROL,05 FIFTH,ORANGE,"June 18, 2020",1635,FRIDAY,"7500 UNINCORPORATED, ORANGE",0700,N,US 441,LANDSTREET RD,0.038,N,28.4360644,-81.4045108,28.4365468,-81.4044677,75010000,6.103,00501,SR 500,US 17,R RIGHT,1 THRU LANE 1,N NORTH,30 URBAN 6+LN 2WY DIVD RASD,02 U.S.,01 NON-JUNCTION,01 ON ROADWAY,01 NOT AT INTERSECTION,03 CURB,38,"March 1, 2020",14 URBAN PRIN ART OTHER,32,CURB&GUTTER,2,,0,,0,14,67000,RCI,6.9,0D3000,45,2 POSSIBLE INJURY,31 Q/C COMPLETED - LOC VERIFIED,0 NO,01 NOT AT INTERSECTION/RRX/BRIDGE,01 DAYLIGHT,02 CLOUDY,02 WET,01 LEVEL,1 STRAIGHT,"TWO-WAY, DIVIDED, POSITIVE MED","TWO-WAY, DIVIDED, POSITIVE MED",NO CONTROLS,NO CONTROLS,6,NONE,NOT CODED,NOT CODED,NONE,NOT CODED,NOT CODED,14 MOTOR VEHICLE IN TRANSPORT,01 FRONT TO REAR,01 STRAIGHT AHEAD,OPERATED MV IN CARLESS OR NEGL,NO CONTRIBUTING ACTION,00 NOT CODED,00 NOT CODED,00 NOT CODED,00 NOT CODED,01 NO,2,0,0,0,3,0,3,3,N,N,N,N,N,N,N,N,N,N,Y,N,N,N,N,N,N,N,N,N,Y,N,N,N,N,N,28.436525086,-81.404362762,460403.220707,3145626.568015,R,,ARBM15Q1R2,"June 10, 2023",2730527,-9061892.557472216,3304122.6008678162
2020883544730,2020,883544730,FHPD20OFF041514,FLORIDA HIGHWAY PATROL,05 FIFTH,ORANGE,"June 19, 2020",1340,SATURDAY,"7500 UNINCORPORATED, ORANGE",0700,N,SR 551,LAKE UNDERHILL RD,0.038,N,28.5399012,-81.2856662,28.539671,-81.2857602,75200000,4.461,00300,SR 551,,R RIGHT,1 THRU LANE 1,N NORTH,20 URBAN 4-5LN 2WY DIVD RASD,03 STATE,01 NON-JUNCTION,01 ON ROADWAY,01 NOT AT INTERSECTION,03 CURB,36,"February 11, 2020",16 URBAN MINOR ART,26,PAVED,4,CURB&GUTTER,2,,0,17,39500,RCI,4.4,,45,3 NO-INCAPACITATING INJURY,31 Q/C COMPLETED - LOC VERIFIED,0 NO,01 NOT AT INTERSECTION/RRX/BRIDGE,01 DAYLIGHT,01 CLEAR,01 DRY,01 LEVEL,1 STRAIGHT,"TWO-WAY, DIVIDED, POSITIVE MED","TWO-WAY, DIVIDED, POSITIVE MED",NO CONTROLS,NO CONTROLS,4,NONE,NOT CODED,NOT CODED,NONE,NOT CODED,NOT CODED,14 MOTOR VEHICLE IN TRANSPORT,01 FRONT TO REAR,01 STRAIGHT AHEAD,OPERATED MV IN CARLESS OR NEGL,NO CONTRIBUTING ACTION,00 NOT CODED,00 NOT CODED,00 NOT CODED,00 NOT CODED,01 NO,1,0,0,0,3,0,3,3,N,N,N,N,N,N,N,N,N,N,Y,N,N,N,N,N,N,N,N,N,N,Y,N,Y,N,N,28.539422873,-81.285671413,472053.114467,3156992.646874,R,,ARBM15Q1R2,"June 10, 2023",2730528,-9048679.893395681,3317155.1537292586
2020883544420,2020,883544420,FHPD20OFF037961,FLORIDA HIGHWAY PATROL,05 FIFTH,ORANGE,"June 4, 2020",1630,FRIDAY,"7500 UNINCORPORATED, ORANGE",0700,N,SR 482,SR 500,0.227,W,28.4503666,-81.4023756,28.4502883,-81.4044026,75002000,4.391,04662,SR 482,,L LEFT,L LEFT TURN,W WEST,30 URBAN 6+LN 2WY DIVD RASD,03 STATE,01 NON-JUNCTION,01 ON ROADWAY,01 NOT AT INTERSECTION,03 CURB,36,"March 3, 2020",16 URBAN MINOR ART,36,CURB&GUTTER,2,,0,,0,40,46500,RCI,11.4,0D16,45,2 POSSIBLE INJURY,31 Q/C COMPLETED - LOC VERIFIED,0 NO,01 NOT AT INTERSECTION/RRX/BRIDGE,01 DAYLIGHT,01 CLEAR,01 DRY,01 LEVEL,1 STRAIGHT,"TWO-WAY, DIVIDED, POSITIVE MED","TWO-WAY, DIVIDED, POSITIVE MED",NO CONTROLS,NO CONTROLS,6,NONE,NOT CODED,NOT CODED,NONE,NOT CODED,NOT CODED,14 MOTOR VEHICLE IN TRANSPORT,01 FRONT TO REAR,01 STRAIGHT AHEAD,OPERATED MV IN CARLESS OR NEGL,NO CONTRIBUTING ACTION,00 NOT CODED,00 NOT CODED,00 NOT CODED,00 NOT CODED,01 NO,1,0,0,0,2,0,2,2,N,N,N,N,N,N,N,N,N,N,Y,N,N,N,N,N,N,N,N,N,N,N,N,N,N,N,28.450419909,-81.404489854,460395.951275,3147165.931542,L,,ARBM15Q1R2,"June 10, 2023",2730538,-9061906.705281582,3305881.7128331535
2020883544440,2020,883544440,FHPD20OFF038519,FLORIDA HIGHWAY PATROL,05 FIFTH,ORANGE,"June 6, 2020",1625,SUNDAY,"7500 UNINCORPORATED, ORANGE",0700,N,SR 50,MURDOCK BLVD,0.019,W,28.5695644,-81.2326724,28.5696917,-81.2323344,75060000,10.207,02937,SR 50,,R RIGHT,3 THRU LANE 3,E EAST,30 URBAN 6+LN 2WY DIVD RASD,03 STATE,01 NON-JUNCTION,01 ON ROADWAY,01 NOT AT INTERSECTION,03 CURB,39,"September 9, 2019",14 URBAN PRIN ART OTHER,36,PAVED,4,CURB&GUTTER,2,,0,34,59500,RCI,3.4,0D3000,45,2 POSSIBLE INJURY,31 Q/C COMPLETED - LOC VERIFIED,0 NO,03 INFLUENCED BY INTERSECTION,01 DAYLIGHT,01 CLEAR,01 DRY,01 LEVEL,1 STRAIGHT,"TWO-WAY, DIVIDED, POSITIVE MED","TWO-WAY, DIVIDED, POSITIVE MED",NO CONTROLS,NO CONTROLS,6,NONE,NOT CODED,NOT CODED,NONE,NOT CODED,NOT CODED,14 MOTOR VEHICLE IN TRANSPORT,01 FRONT TO REAR,01 STRAIGHT AHEAD,OPERATED MV IN CARLESS OR NEGL,NO CONTRIBUTING ACTION,00 NOT CODED,00 NOT CODED,00 NOT CODED,00 NOT CODED,01 NO,2,0,0,0,2,0,2,2,N,N,N,Y,N,N,N,N,N,N,Y,N,N,N,N,N,N,N,N,N,N,N,N,N,N,N,28.569637146,-81.232419433,477269.19835,3160328.67045,R,,ARBM15Q1R2,"June 10, 2023",2730539,-9042751.90867082,3320984.3681587772