Crash Id,Calendar Year,FDOT Crash Number,Reporting Agency Case Number,Reporting Agency Type,FDOT Managing District,County Name,Crash Date,Crash Time,Day,DHSMV City,Crash Report City Code,In Town,On Roadway Name,Int Roadway Name,Reference Distance (Miles),Reference Direction,Officer Latitude,Officer Longitude,FDOT Latitude,FDOT Longitude,FDOT Roadway,Nearest Inventory MP,Nearest Node From Crash,State Road #,US Highway,Crash Side of Road,Accident Lane Number,Travel Direction Vehicle 1,FDOT Road Category,DHSMV Road System Id,Relation to Junction,Crash Harmful Event Location,Intersection Type,Shoulder Type,FDOT Roadway SKID Test Result,FDOT Roadway SKID Test Date,Functional Class,RCI Surface Width,RCI Shoulder Type First,RCI Shoulder Width First,RCI Shoulder Type Second,RCI Shoulder Width Second,RCI Shoulder Type Third,RCI Shoulder Width Third,RCI Median Width,Avg Daily Traffic,AADT Source,RCI Avg Per Truck Traffic,RCI Horiz Curve Condition,Posted Speed Limit,Highest Injury in Crash,CAR Status Code,Alcohols/Drug Involved,Site Location,Lighting,Weather,Road Surface,Roadway Grade,Roadway Alignment,Traffic Way Vehicle 1,Traffic Way Vehicle 2,Traffic Control Vehicle 1,Traffic Control Vehicle 2,Count of Lanes,Road Condition 1,Road Condition 2,Road Condition 3,Environment Condition 1,Environment Condition 2,Environment Condition 3,Crash Harmful Event,Manner of Collision,Vehicle Movement,Driver Action Vehicle 1,Driver Action Vehicle 2,Location Within Workzone,Type of Workzone,Workers Present in Workzone,Law Enforcement Present in Workzone,School Bus Related,Count of Nonfatal Injuries,Count of Traffic Fatalities,Count of Serious Injuries,Count of Pedestrians,Count of Drivers,Count of Bicyclists,Count of Vehicles,Count of Persons,Wrong Way,Workzone Inv,Commercial Vehicle Inv,Intersection Inv,Lane Departure,Speeding,Agressive Driving,Impaired Driver,Impaired Pedestrian,Impaired Bicyclist,Distracted Driver,Speeding or Aggressive Driving,Pedestrian Related,Bicyclist Related,Pedestrian or Bicyclist Related,Motorcycle Inv,No Belt,No Belt - Ages 1-4,No Belt - Ages 5-12,No Belt - Ages 13-17,Driver - Ages Teen,Driver - Ages 65 plus,Driver - Ages 65-69,Driver - Ages 70-74,Driver - Ages 75-79,Driver - Ages 80 plus,ARBM Latitude,ARBM Longitude,UTM Zone 17N X,UTM Zone 17N Y,ARBM Side of Road,Urban Rural Indicator,GIS Street Source,Extract Date,OBJECTID,x,y
2020898477340,2020,898477340,2020TA004849,COUNTY SHERIFF'S OFFICE,05 FIFTH,ORANGE,"May 14, 2020",1635,FRIDAY,7554 WINTER PARK,0754,Y,ORLANDO AVE N,TROVILLION AVE,0.024,N,28.601223,-81.365155,28.6016437,-81.3651326,75030000,5.959,00982,SR 15,US 17,L LEFT,1 THRU LANE 1,S SOUTH,21 URBAN 4-5LN 2WY DIVD PAVD,02 U.S.,01 NON-JUNCTION,01 ON ROADWAY,01 NOT AT INTERSECTION,03 CURB,39,"March 1, 2020",14 URBAN PRIN ART OTHER,22,CURB&GUTTER,2,CURB&GUTTER,2,,0,15,37000,RCI,10,,35,1 NO INJURY,31 Q/C COMPLETED - LOC VERIFIED,0 NO,03 INFLUENCED BY INTERSECTION,01 DAYLIGHT,01 CLEAR,01 DRY,01 LEVEL,1 STRAIGHT,"TWO-WAY, NOT DIV, W/CONT LTURN","TWO-WAY, NOT DIV, W/CONT LTURN",NO CONTROLS,NO CONTROLS,4,NONE,NOT CODED,NOT CODED,NONE,NOT CODED,NOT CODED,14 MOTOR VEHICLE IN TRANSPORT,"04 SIDESWIPE, SAME DIRECTION",16 LEAVING TRAFFIC LANE,FAILED TO YIELD RIGHT-OF-WAY,NO CONTRIBUTING ACTION,00 NOT CODED,00 NOT CODED,00 NOT CODED,00 NOT CODED,01 NO,0,0,0,0,2,0,2,2,N,N,N,Y,N,N,N,N,N,N,N,N,N,N,N,N,N,N,N,N,N,N,N,N,N,N,28.601646955,-81.365133918,464300.3531,3163907.273306,C,,ARBM15Q1R2,"June 10, 2023",2888820,-9057525.621882636,3325042.3394242343
2020879733670,2020,879733670,2020TA004959,COUNTY SHERIFF'S OFFICE,05 FIFTH,ORANGE,"May 18, 2020",1700,TUESDAY,7540 MAITLAND,0740,Y,SR 414,MAITLAND AVE,0.095,W,0,0,28.6360686,-81.367242,75011000,1.647,01472,SR 414,,R RIGHT,2 THRU LANE 2,E EAST,20 URBAN 4-5LN 2WY DIVD RASD,03 STATE,03 INTERSECTION-RELATED,01 ON ROADWAY,01 NOT AT INTERSECTION,03 CURB,38,"April 2, 2018",14 URBAN PRIN ART OTHER,24,CURB&GUTTER,2,,0,,0,32,60000,RCI,5.6,,45,2 POSSIBLE INJURY,31 Q/C COMPLETED - LOC VERIFIED,0 NO,01 NOT AT INTERSECTION/RRX/BRIDGE,01 DAYLIGHT,01 CLEAR,01 DRY,01 LEVEL,1 STRAIGHT,"TWO-WAY, DIVIDED, UNPROTECTED","TWO-WAY, DIVIDED, UNPROTECTED",TRAFFIC CONTROL SIGNAL,TRAFFIC CONTROL SIGNAL,4,NONE,NOT CODED,NOT CODED,NONE,NOT CODED,NOT CODED,14 MOTOR VEHICLE IN TRANSPORT,01 FRONT TO REAR,01 STRAIGHT AHEAD,FOLLOWED TOO CLOSELY,NO CONTRIBUTING ACTION,04 ACTIVITY AREA,03 WORK ON SHOULDER OR MEDIAN,01 NO,01 NO,01 NO,1,0,0,0,2,0,2,2,N,Y,N,N,N,N,N,N,N,N,N,N,N,N,N,N,N,N,N,N,N,N,N,N,N,N,28.636014274,-81.367135912,464116.299757,3167715.303954,R,,ARBM15Q1R2,"June 10, 2023",2907355,-9057748.482997274,3329400.5554934135
2020898257820,2020,898257820,2020-00190071,COUNTY SHERIFF'S OFFICE,05 FIFTH,ORANGE,"June 14, 2020",1300,MONDAY,7546 ORLANDO,0746,Y,I 4,CONROY RD,0,,0,0,28.4920117,-81.4313166,75280001,0.578,03595,SR 400,I 4,R RIGHT,X RAMP,E EAST,08 RAMP RURAL,05 LOCAL,02 INTERSECTION,01 ON ROADWAY,03 T-INTERSECTION,03 CURB,0,"December 31, 2000",,24,PAVED,8,LAWN,2,,0,,21500,RCI,3.8,,,1 NO INJURY,31 Q/C COMPLETED - LOC VERIFIED,0 NO,08 EXIT RAMP,01 DAYLIGHT,01 CLEAR,01 DRY,04 DOWNHILL,1 STRAIGHT,"TWO-WAY, DIVIDED, POSITIVE MED",ONE-WAY TRAFFICWAY,TRAFFIC CONTROL SIGNAL,TRAFFIC CONTROL SIGNAL,2,NONE,NOT CODED,NOT CODED,NONE,NOT CODED,NOT CODED,14 MOTOR VEHICLE IN TRANSPORT,03 ANGLE,01 STRAIGHT AHEAD,RAN RED LIGHT,NO CONTRIBUTING ACTION,00 NOT CODED,00 NOT CODED,00 NOT CODED,00 NOT CODED,01 NO,0,0,0,0,2,0,2,4,N,N,N,N,N,N,N,N,N,N,N,N,N,N,N,N,N,N,N,N,N,N,N,N,N,N,28.492014738,-81.431322533,457785.2449,3151783.1226,O,,ARBM15Q1R2,"June 10, 2023",2908037,-9064893.706551323,3311149.0826505693
2020898263790,2020,898263790,2020-00191366,COUNTY SHERIFF'S OFFICE,05 FIFTH,ORANGE,"June 15, 2020",1628,TUESDAY,7546 ORLANDO,0746,Y,WASHINGTON ST W,BENSON AVE,0,,0,0,0,0,75030000,0.119,00908,SR 526,,L LEFT,1 THRU LANE 1,N NORTH,12 URBAN 2-3LN 2WY UNDIVD,05 LOCAL,02 INTERSECTION,01 ON ROADWAY,03 T-INTERSECTION,03 CURB,35,"March 1, 2020",16 URBAN MINOR ART,22,PAVED,4,RAISED CURB,2,,0,,7200,RCI,1.5,,30,3 NO-INCAPACITATING INJURY,31 Q/C COMPLETED - LOC VERIFIED,0 NO,02 AT INTERSECTION,01 DAYLIGHT,01 CLEAR,01 DRY,01 LEVEL,1 STRAIGHT,"TWO-WAY, NOT DIVIDED",,NO CONTROLS,NOT CODED,2,NONE,NOT CODED,NOT CODED,NONE,NOT CODED,NOT CODED,11 PEDALCYCLE,02 FRONT TO FRONT,03 TURNING LEFT,FAILED TO YIELD RIGHT-OF-WAY,NOT CODED,00 NOT CODED,00 NOT CODED,00 NOT CODED,00 NOT CODED,01 NO,1,0,0,0,1,1,1,2,N,N,N,Y,N,N,N,N,N,N,N,N,N,Y,Y,N,N,N,N,N,N,N,N,N,N,N,28.543845358,-81.395331477,461326.739173,3157513.053697,C,,ARBM15Q1R2,"June 10, 2023",2908554,-9060887.199540142,3317715.5696184486
2020898263850,2020,898263850,2020-00205643,COUNTY SHERIFF'S OFFICE,05 FIFTH,ORANGE,"June 29, 2020",1828,TUESDAY,7546 ORLANDO,0746,Y,I 4,MICHIGAN ST,0.25,N,0,0,28.5177302,-81.3867631,75280000,15.824,00363,SR 400,I 4,R RIGHT,4 THRU LANE 4,0,01 INTERSTATE URBAN,01 INTERSTATE,01 NON-JUNCTION,01 ON ROADWAY,01 NOT AT INTERSECTION,03 CURB,27,"September 16, 2014",11 URBAN PRIN ART INT.,48,PAVED,10,LAWN,2,,0,18,167000,RCI,6.8,2D3000,50,1 NO INJURY,31 Q/C COMPLETED - LOC VERIFIED,0 NO,01 NOT AT INTERSECTION/RRX/BRIDGE,01 DAYLIGHT,01 CLEAR,01 DRY,00 NOT CODED,0 NOT CODED,NOT CODED,"TWO-WAY, DIVIDED, POSITIVE MED",NOT CODED,NO CONTROLS,8,NONE,NOT CODED,NOT CODED,NONE,NOT CODED,NOT CODED,18 OTHER NON-FIXED OBJECT,77 OTHER (SEE NARRATIVE),00 NOT CODED,NOT CODED,NO CONTRIBUTING ACTION,00 NOT CODED,00 NOT CODED,00 NOT CODED,00 NOT CODED,01 NO,0,0,0,0,1,0,2,1,N,N,N,N,N,N,N,N,N,N,N,N,N,N,N,N,N,N,N,N,N,N,N,N,N,N,28.517737286,-81.386768804,462155.063104,3154617.936039,R,,ARBM15Q1R2,"June 10, 2023",2908556,-9059934.006746236,3314407.501390405
2020882085280,2020,882085280,FHPK20OFF020739,FLORIDA HIGHWAY PATROL,08 TURNPIKE,ORANGE,"May 19, 2020",0605,WEDNESDAY,7542 OCOEE,0742,N,SR 91,SR 408,0.038,E,28.53347,-81.5270699,28.5379872,-81.5250633,75470150,0.038,03991,SR 91,,R RIGHT,X RAMP,W WEST,08 RAMP RURAL,06 TURNPIKE/TOLL,14 ENTRANCE/EXIT RAMP,01 ON ROADWAY,01 NOT AT INTERSECTION,01 PAVED,0,"December 31, 2000",,24,PAVED,11,LAWN,10,,0,,22500,RCI,17.8,,,1 NO INJURY,31 Q/C COMPLETED - LOC VERIFIED,0 NO,07 ENTRANCE RAMP,01 DAYLIGHT,01 CLEAR,01 DRY,01 LEVEL,2 CURVE RIGHT,ONE-WAY TRAFFICWAY,ONE-WAY TRAFFICWAY,WARNING SIGN,WARNING SIGN,2,NONE,NOT CODED,NOT CODED,NONE,NOT CODED,NOT CODED,14 MOTOR VEHICLE IN TRANSPORT,77 OTHER (SEE NARRATIVE),15 NEGOTIATING A CURVE,OTHER CONTRIBUTING ACTION,OTHER CONTRIBUTING ACTION,00 NOT CODED,00 NOT CODED,00 NOT CODED,00 NOT CODED,01 NO,0,0,0,0,2,0,2,2,N,N,N,N,N,N,N,N,N,N,N,N,N,N,N,N,N,N,N,N,N,N,N,N,N,N,28.537990549,-81.525054256,448633.611316,3156913.125066,O,,ARBM15Q1R2,"June 10, 2023",2908966,-9075327.877423728,3316973.654197064
2020880951940,2020,880951940,FHPK20OFF023311,FLORIDA HIGHWAY PATROL,08 TURNPIKE,ORANGE,"June 3, 2020",0623,THURSDAY,"7500 UNINCORPORATED, ORANGE",0700,N,SR 91,SR 50,0.006,N,28.54185,-81.5357099,28.5480149,-81.6328533,75470111,0.476,03294,SR 91,,R RIGHT,X RAMP,S SOUTH,08 RAMP RURAL,06 TURNPIKE/TOLL,14 ENTRANCE/EXIT RAMP,04 MEDIAN,01 NOT AT INTERSECTION,03 CURB,0,"December 31, 2000",,24,PAVED,12,LAWN,10,,0,,19400,RCI,17.8,,,2 POSSIBLE INJURY,31 Q/C COMPLETED - LOC VERIFIED,0 NO,07 ENTRANCE RAMP,01 DAYLIGHT,03 RAIN,02 WET,01 LEVEL,2 CURVE RIGHT,"TWO-WAY, DIVIDED, POSITIVE MED",,NO CONTROLS,NOT CODED,2,NONE,NOT CODED,NOT CODED,NONE,NOT CODED,NOT CODED,30 CONCRETE TRAFFIC BARRIER,77 OTHER (SEE NARRATIVE),01 STRAIGHT AHEAD,OTHER CONTRIBUTING ACTION,NOT CODED,00 NOT CODED,00 NOT CODED,00 NOT CODED,00 NOT CODED,01 NO,1,0,0,0,1,0,1,1,N,N,N,N,Y,N,N,N,N,N,N,N,N,N,N,N,N,N,N,N,N,N,N,N,N,N,28.548035468,-81.632861741,438092.395917,3158076.8952,O,,ARBM15Q1R2,"June 10, 2023",2909008,-9087328.95525278,3318246.5602537333
2020898478180,2020,898478180,2020TA005956,COUNTY SHERIFF'S OFFICE,05 FIFTH,ORANGE,"June 17, 2020",1000,THURSDAY,7554 WINTER PARK,0754,Y,ORLANDO AVE N,SOLANA AVE,0.016,N,28.610138,-81.365194,28.6102358,-81.3652634,75030000,6.548,00989,SR 15,US 17,R RIGHT,1 THRU LANE 1,N NORTH,30 URBAN 6+LN 2WY DIVD RASD,02 U.S.,01 NON-JUNCTION,01 ON ROADWAY,01 NOT AT INTERSECTION,03 CURB,39,"March 1, 2020",14 URBAN PRIN ART OTHER,33,CURB&GUTTER,2,,0,,0,30,42000,RCI,3.2,,40,1 NO INJURY,31 Q/C COMPLETED - LOC VERIFIED,0 NO,01 NOT AT INTERSECTION/RRX/BRIDGE,01 DAYLIGHT,01 CLEAR,01 DRY,01 LEVEL,1 STRAIGHT,"TWO-WAY, DIVIDED, POSITIVE MED","TWO-WAY, DIVIDED, POSITIVE MED",NO CONTROLS,NO CONTROLS,6,NONE,NOT CODED,NOT CODED,NONE,NOT CODED,NOT CODED,14 MOTOR VEHICLE IN TRANSPORT,"04 SIDESWIPE, SAME DIRECTION",77 OTHER (SEE NARRATIVE),FAILED TO KEEP IN PROPER LANE,NO CONTRIBUTING ACTION,00 NOT CODED,00 NOT CODED,00 NOT CODED,00 NOT CODED,01 NO,0,0,0,0,2,0,2,2,N,N,N,N,Y,N,N,N,N,N,Y,N,N,N,N,N,N,N,N,N,N,N,N,N,N,N,28.610217987,-81.365181371,464298.611168,3164856.839394,R,,ARBM15Q1R2,"June 10, 2023",2909038,-9057530.904351134,3326129.12252201
2020844816560,2020,844816560,FHPD20OFF031031,FLORIDA HIGHWAY PATROL,05 FIFTH,ORANGE,"May 3, 2020",0905,MONDAY,7546 ORLANDO,0746,Y,LAKE UNDERHILL RD,SR 436,0,,28.53901,-81.3106499,28.5393746,-81.3105488,75003000,6.081,01734,SR 436,,T SIDE RD LEFT,1 THRU LANE 1,S SOUTH,30 URBAN 6+LN 2WY DIVD RASD,03 STATE,02 INTERSECTION,01 ON ROADWAY,02 FOUR-WAY INTERSECTION,03 CURB,38,"March 2, 2020",14 URBAN PRIN ART OTHER,33,CURB&GUTTER,2,,0,,0,16,56000,RCI,5.2,,45,2 POSSIBLE INJURY,31 Q/C COMPLETED - LOC VERIFIED,0 NO,02 AT INTERSECTION,01 DAYLIGHT,01 CLEAR,01 DRY,01 LEVEL,1 STRAIGHT,"TWO-WAY, DIVIDED, POSITIVE MED","TWO-WAY, DIVIDED, UNPROTECTED",TRAFFIC CONTROL SIGNAL,TRAFFIC CONTROL SIGNAL,6,NONE,NOT CODED,NOT CODED,NONE,NOT CODED,NOT CODED,14 MOTOR VEHICLE IN TRANSPORT,03 ANGLE,01 STRAIGHT AHEAD,RAN RED LIGHT,NO CONTRIBUTING ACTION,00 NOT CODED,00 NOT CODED,00 NOT CODED,00 NOT CODED,01 NO,1,0,0,0,3,0,3,8,N,N,N,Y,N,N,N,N,N,N,Y,N,N,N,N,N,N,N,N,N,N,N,N,N,N,N,28.539388918,-81.310656911,469608.791289,3156994.962374,L,,ARBM15Q1R2,"June 10, 2023",2909512,-9051461.26723678,3317150.8509169105
2020898478020,2020,898478020,2020TA005997,COUNTY SHERIFF'S OFFICE,05 FIFTH,ORANGE,"June 18, 2020",1217,FRIDAY,7554 WINTER PARK,0754,Y,ALOMA AVE,ALBERTA DR,0.028,W,28.600286,-81.338812,0,0,75090000,0.966,06715,SR 426,,L LEFT,1 THRU LANE 1,E EAST,22 URBAN 4-5LN 2WY UNDIVD,03 STATE,02 INTERSECTION,01 ON ROADWAY,03 T-INTERSECTION,03 CURB,41,"February 11, 2020",14 URBAN PRIN ART OTHER,44,CURB&GUTTER,2,,0,,0,,38500,RCI,1.6,5D0000,30,4 INCAPACITATING INJURY,31 Q/C COMPLETED - LOC VERIFIED,0 NO,03 INFLUENCED BY INTERSECTION,01 DAYLIGHT,01 CLEAR,01 DRY,01 LEVEL,2 CURVE RIGHT,"TWO-WAY, NOT DIVIDED","TWO-WAY, NOT DIVIDED",NO CONTROLS,NO CONTROLS,4,NONE,NOT CODED,NOT CODED,NONE,NOT CODED,NOT CODED,14 MOTOR VEHICLE IN TRANSPORT,02 FRONT TO FRONT,17 ENTERING TRAFFIC LANE,WRONG SIDE OF WRONG WAY,NO CONTRIBUTING ACTION,00 NOT CODED,00 NOT CODED,00 NOT CODED,00 NOT CODED,01 NO,1,0,1,0,2,0,2,2,Y,N,Y,Y,N,N,N,N,N,N,Y,N,N,N,N,N,N,N,N,N,N,Y,N,N,N,Y,28.600058391,-81.339234401,466832.102544,3163723.831288,C,,ARBM15Q1R2,"June 10, 2023",2909582,-9054642.500055766,3324840.9236786705
2020898478070,2020,898478070,2020TA006010,COUNTY SHERIFF'S OFFICE,05 FIFTH,ORANGE,"June 18, 2020",1735,FRIDAY,7554 WINTER PARK,0754,Y,SOLANA AVE,ORLANDO AVE N,0,,28.609918,-81.365148,28.6100027,-81.3652515,75030000,6.532,00989,SR 15,US 17,S SIDE RD RIGHT,1 THRU LANE 1,S SOUTH,30 URBAN 6+LN 2WY DIVD RASD,02 U.S.,02 INTERSECTION,01 ON ROADWAY,03 T-INTERSECTION,03 CURB,39,"March 1, 2020",14 URBAN PRIN ART OTHER,33,CURB&GUTTER,2,,0,,0,30,42000,RCI,3.2,,40,2 POSSIBLE INJURY,31 Q/C COMPLETED - LOC VERIFIED,0 NO,02 AT INTERSECTION,01 DAYLIGHT,02 CLOUDY,01 DRY,01 LEVEL,1 STRAIGHT,"TWO-WAY, NOT DIVIDED","TWO-WAY, NOT DIVIDED",NO CONTROLS,NO CONTROLS,6,NONE,NOT CODED,NOT CODED,NONE,NOT CODED,NOT CODED,14 MOTOR VEHICLE IN TRANSPORT,03 ANGLE,03 TURNING LEFT,FAILED TO YIELD RIGHT-OF-WAY,NO CONTRIBUTING ACTION,00 NOT CODED,00 NOT CODED,00 NOT CODED,00 NOT CODED,01 NO,1,0,0,0,3,0,3,4,N,N,N,Y,N,N,N,N,N,N,Y,N,N,N,N,N,N,N,N,N,N,N,N,N,N,N,28.609984944,-81.365170936,464299.552524,3164831.018281,R,,ARBM15Q1R2,"June 10, 2023",2909583,-9057529.742815452,3326099.5721135573
2020898478090,2020,898478090,2020TA006164,COUNTY SHERIFF'S OFFICE,05 FIFTH,ORANGE,"June 23, 2020",1646,WEDNESDAY,7554 WINTER PARK,0754,Y,ALOMA AVE,PHELPS AVE,0.036,E,28.600411,-81.330557,0,0,75090000,1.499,06726,SR 426,,R RIGHT,2 THRU LANE 2,E EAST,22 URBAN 4-5LN 2WY UNDIVD,03 STATE,01 NON-JUNCTION,01 ON ROADWAY,01 NOT AT INTERSECTION,03 CURB,41,"February 11, 2020",14 URBAN PRIN ART OTHER,44,CURB&GUTTER,2,,0,,0,,33000,RCI,3.1,,35,2 POSSIBLE INJURY,31 Q/C COMPLETED - LOC VERIFIED,0 NO,01 NOT AT INTERSECTION/RRX/BRIDGE,01 DAYLIGHT,01 CLEAR,01 DRY,01 LEVEL,1 STRAIGHT,"TWO-WAY, NOT DIVIDED","TWO-WAY, NOT DIVIDED",NO CONTROLS,NO CONTROLS,4,NONE,NOT CODED,NOT CODED,NONE,NOT CODED,NOT CODED,14 MOTOR VEHICLE IN TRANSPORT,01 FRONT TO REAR,01 STRAIGHT AHEAD,OPERATED MV IN CARLESS OR NEGL,NO CONTRIBUTING ACTION,00 NOT CODED,00 NOT CODED,00 NOT CODED,00 NOT CODED,01 NO,2,0,0,0,3,0,3,4,N,N,N,N,N,N,N,N,N,N,Y,N,N,N,N,N,N,N,N,N,N,N,N,N,N,N,28.600461948,-81.330551485,467681.184275,3163766.164414,C,,ARBM15Q1R2,"June 10, 2023",2909584,-9053675.92186842,3324892.0909202485
2020898261180,2020,898261180,2020-00194896,COUNTY SHERIFF'S OFFICE,05 FIFTH,ORANGE,"June 19, 2020",0110,SATURDAY,7546 ORLANDO,0746,Y,KIRKMAN RD S,RALEIGH ST,0.1,N,0,0,28.5293292,-81.4592829,75270000,5.5,04645,SR 435,,L LEFT,2 THRU LANE 2,S SOUTH,33 SUBURBAN 6+LN 2WY DIVD RASD,03 STATE,01 NON-JUNCTION,01 ON ROADWAY,01 NOT AT INTERSECTION,01 PAVED,28,"March 14, 2017",14 URBAN PRIN ART OTHER,36,PAVED,5,LAWN,7,,0,40,59500,RCI,6.1,,50,2 POSSIBLE INJURY,31 Q/C COMPLETED - LOC VERIFIED,0 NO,01 NOT AT INTERSECTION/RRX/BRIDGE,04 DARK-LIGHTED,01 CLEAR,01 DRY,01 LEVEL,1 STRAIGHT,"TWO-WAY, NOT DIV, W/CONT LTURN","TWO-WAY, NOT DIV, W/CONT LTURN",NO CONTROLS,NO CONTROLS,6,NONE,NOT CODED,NOT CODED,NONE,NOT CODED,NOT CODED,14 MOTOR VEHICLE IN TRANSPORT,01 FRONT TO REAR,06 CHANGING LANES,OPERATED MV IN CARLESS OR NEGL,NO CONTRIBUTING ACTION,00 NOT CODED,00 NOT CODED,00 NOT CODED,00 NOT CODED,01 NO,2,0,0,0,2,0,2,4,N,N,N,N,N,N,N,N,N,N,N,N,N,N,N,N,N,N,N,N,N,N,N,N,N,N,28.529391469,-81.459417769,455051.301992,3155934.113713,L,,ARBM15Q1R2,"June 10, 2023",2909619,-9068021.254957689,3315884.0632338845
2020898261250,2020,898261250,2020-00192036,COUNTY SHERIFF'S OFFICE,05 FIFTH,ORANGE,"June 16, 2020",0826,WEDNESDAY,7546 ORLANDO,0746,Y,SR 436,EAGLE VAIL DR,0.019,N,0,0,28.4721733,-81.3100781,75003000,1.458,02987,SR 436,,L LEFT,3 THRU LANE 3,0,30 URBAN 6+LN 2WY DIVD RASD,03 STATE,01 NON-JUNCTION,01 ON ROADWAY,01 NOT AT INTERSECTION,03 CURB,36,"March 2, 2020",14 URBAN PRIN ART OTHER,36,PAVED,4,CURB&GUTTER,2,,0,32,62183,RCI,2.6,,50,1 NO INJURY,31 Q/C COMPLETED - LOC VERIFIED,0 NO,03 INFLUENCED BY INTERSECTION,01 DAYLIGHT,01 CLEAR,01 DRY,00 NOT CODED,0 NOT CODED,NOT CODED,"TWO-WAY, DIVIDED, POSITIVE MED",NOT CODED,NO CONTROLS,6,NONE,NOT CODED,NOT CODED,NONE,NOT CODED,NOT CODED,14 MOTOR VEHICLE IN TRANSPORT,03 ANGLE,00 NOT CODED,NOT CODED,NO CONTRIBUTING ACTION,00 NOT CODED,00 NOT CODED,00 NOT CODED,00 NOT CODED,01 NO,0,0,0,0,1,0,2,1,N,N,N,Y,N,N,N,N,N,N,N,N,N,N,N,N,N,N,N,N,N,N,N,N,N,N,28.472143556,-81.310184205,469635.787884,3149545.118096,L,,ARBM15Q1R2,"June 10, 2023",2909621,-9051408.645537557,3308632.433023732
2020898265820,2020,898265820,2020-00205177,COUNTY SHERIFF'S OFFICE,05 FIFTH,ORANGE,"June 29, 2020",1103,TUESDAY,7546 ORLANDO,0746,Y,SR 50,MAGNOLIA AVE,0.009,W,0,0,28.5531241,-81.3770891,75060000,1.126,05097,SR 50,US 17,R RIGHT,1 THRU LANE 1,0,20 URBAN 4-5LN 2WY DIVD RASD,03 STATE,01 NON-JUNCTION,01 ON ROADWAY,01 NOT AT INTERSECTION,03 CURB,37,"September 9, 2019",14 URBAN PRIN ART OTHER,22,PAVED,6,CURB&GUTTER,2,,0,12,46500,RCI,2.9,,40,1 NO INJURY,31 Q/C COMPLETED - LOC VERIFIED,0 NO,03 INFLUENCED BY INTERSECTION,01 DAYLIGHT,01 CLEAR,01 DRY,00 NOT CODED,0 NOT CODED,NOT CODED,"TWO-WAY, NOT DIVIDED",NOT CODED,NO CONTROLS,4,NONE,NOT CODED,NOT CODED,NONE,NOT CODED,NOT CODED,14 MOTOR VEHICLE IN TRANSPORT,03 ANGLE,00 NOT CODED,NOT CODED,NO CONTRIBUTING ACTION,00 NOT CODED,00 NOT CODED,00 NOT CODED,00 NOT CODED,01 NO,0,0,0,0,1,0,2,1,N,N,N,Y,N,N,N,N,N,N,N,N,N,N,N,N,N,N,N,N,N,N,N,N,N,N,28.553134653,-81.377111877,463112.321217,3158536.430363,C,,ARBM15Q1R2,"June 10, 2023",2909641,-9058859.002420016,3318892.7835444272
2020898477670,2020,898477670,2020TA005475,COUNTY SHERIFF'S OFFICE,05 FIFTH,ORANGE,"June 3, 2020",1345,THURSDAY,7554 WINTER PARK,0754,Y,ORLANDO AVE S,BEACHVIEW AVE,0.011,N,28.596696,-81.365218,28.5971175,-81.3651226,75030000,5.648,00978,SR 15,US 17,L LEFT,2 THRU LANE 2,S SOUTH,21 URBAN 4-5LN 2WY DIVD PAVD,02 U.S.,01 NON-JUNCTION,01 ON ROADWAY,01 NOT AT INTERSECTION,03 CURB,39,"March 1, 2020",14 URBAN PRIN ART OTHER,22,PAVED,4,CURB&GUTTER,2,,0,16,37000,RCI,10,,35,3 NO-INCAPACITATING INJURY,31 Q/C COMPLETED - LOC VERIFIED,0 NO,03 INFLUENCED BY INTERSECTION,01 DAYLIGHT,03 RAIN,02 WET,01 LEVEL,1 STRAIGHT,"TWO-WAY, NOT DIV, W/CONT LTURN","TWO-WAY, NOT DIV, W/CONT LTURN",NO CONTROLS,NO CONTROLS,4,NONE,NOT CODED,NOT CODED,NONE,NOT CODED,NOT CODED,14 MOTOR VEHICLE IN TRANSPORT,01 FRONT TO REAR,01 STRAIGHT AHEAD,OPERATED MV IN CARLESS OR NEGL,NO CONTRIBUTING ACTION,00 NOT CODED,00 NOT CODED,00 NOT CODED,00 NOT CODED,01 NO,1,0,0,0,3,0,3,3,N,N,N,Y,N,N,N,N,N,N,Y,N,N,N,N,N,N,N,N,N,N,Y,N,N,N,Y,28.597112192,-81.365129432,464299.259109,3163404.883329,C,,ARBM15Q1R2,"June 10, 2023",2909658,-9057525.122538533,3324467.379846764
2020898477700,2020,898477700,2020TA005550,COUNTY SHERIFF'S OFFICE,05 FIFTH,ORANGE,"June 5, 2020",1310,SATURDAY,7554 WINTER PARK,0754,Y,LEE RD,WYMORE RD,0,,28.605809,-81.384869,28.6057656,-81.385014,75190000,8.665,06230,SR 423,,L LEFT,2 THRU LANE 2,W WEST,30 URBAN 6+LN 2WY DIVD RASD,03 STATE,03 INTERSECTION-RELATED,01 ON ROADWAY,02 FOUR-WAY INTERSECTION,03 CURB,40,"September 8, 2019",14 URBAN PRIN ART OTHER,44,CURB&GUTTER,2,,0,,0,16,39500,RCI,3.2,,35,3 NO-INCAPACITATING INJURY,31 Q/C COMPLETED - LOC VERIFIED,0 NO,02 AT INTERSECTION,01 DAYLIGHT,03 RAIN,02 WET,01 LEVEL,1 STRAIGHT,"TWO-WAY, DIVIDED, POSITIVE MED","TWO-WAY, DIVIDED, POSITIVE MED",TRAFFIC CONTROL SIGNAL,TRAFFIC CONTROL SIGNAL,6,NONE,NOT CODED,NOT CODED,NONE,NOT CODED,NOT CODED,14 MOTOR VEHICLE IN TRANSPORT,01 FRONT TO REAR,14 SLOWING,FOLLOWED TOO CLOSELY,NO CONTRIBUTING ACTION,00 NOT CODED,00 NOT CODED,00 NOT CODED,00 NOT CODED,01 NO,1,0,0,0,2,0,2,2,N,N,N,Y,N,N,N,N,N,N,N,N,N,N,N,N,N,N,N,N,N,N,N,N,N,N,28.605865231,-81.385015614,462357.98016,3164380.692247,L,,ARBM15Q1R2,"June 10, 2023",2909659,-9059738.84277059,3325577.193883346