Crash Id,Calendar Year,FDOT Crash Number,Reporting Agency Case Number,Reporting Agency Type,FDOT Managing District,County Name,Crash Date,Crash Time,Day,DHSMV City,Crash Report City Code,In Town,On Roadway Name,Int Roadway Name,Reference Distance (Miles),Reference Direction,Officer Latitude,Officer Longitude,FDOT Latitude,FDOT Longitude,FDOT Roadway,Nearest Inventory MP,Nearest Node From Crash,State Road #,US Highway,Crash Side of Road,Accident Lane Number,Travel Direction Vehicle 1,FDOT Road Category,DHSMV Road System Id,Relation to Junction,Crash Harmful Event Location,Intersection Type,Shoulder Type,FDOT Roadway SKID Test Result,FDOT Roadway SKID Test Date,Functional Class,RCI Surface Width,RCI Shoulder Type First,RCI Shoulder Width First,RCI Shoulder Type Second,RCI Shoulder Width Second,RCI Shoulder Type Third,RCI Shoulder Width Third,RCI Median Width,Avg Daily Traffic,AADT Source,RCI Avg Per Truck Traffic,RCI Horiz Curve Condition,Posted Speed Limit,Highest Injury in Crash,CAR Status Code,Alcohols/Drug Involved,Site Location,Lighting,Weather,Road Surface,Roadway Grade,Roadway Alignment,Traffic Way Vehicle 1,Traffic Way Vehicle 2,Traffic Control Vehicle 1,Traffic Control Vehicle 2,Count of Lanes,Road Condition 1,Road Condition 2,Road Condition 3,Environment Condition 1,Environment Condition 2,Environment Condition 3,Crash Harmful Event,Manner of Collision,Vehicle Movement,Driver Action Vehicle 1,Driver Action Vehicle 2,Location Within Workzone,Type of Workzone,Workers Present in Workzone,Law Enforcement Present in Workzone,School Bus Related,Count of Nonfatal Injuries,Count of Traffic Fatalities,Count of Serious Injuries,Count of Pedestrians,Count of Drivers,Count of Bicyclists,Count of Vehicles,Count of Persons,Wrong Way,Workzone Inv,Commercial Vehicle Inv,Intersection Inv,Lane Departure,Speeding,Agressive Driving,Impaired Driver,Impaired Pedestrian,Impaired Bicyclist,Distracted Driver,Speeding or Aggressive Driving,Pedestrian Related,Bicyclist Related,Pedestrian or Bicyclist Related,Motorcycle Inv,No Belt,No Belt - Ages 1-4,No Belt - Ages 5-12,No Belt - Ages 13-17,Driver - Ages Teen,Driver - Ages 65 plus,Driver - Ages 65-69,Driver - Ages 70-74,Driver - Ages 75-79,Driver - Ages 80 plus,ARBM Latitude,ARBM Longitude,UTM Zone 17N X,UTM Zone 17N Y,ARBM Side of Road,Urban Rural Indicator,GIS Street Source,Extract Date,OBJECTID,x,y
2020898192540,2020,898192540,2020-00117024,COUNTY SHERIFF'S OFFICE,05 FIFTH,ORANGE,"April 6, 2020",0535,TUESDAY,7546 ORLANDO,0746,Y,I 4,KIRKMAN RD,1,N,0,0,28.4782461,-81.4497426,75280000,10.856,00346,SR 400,I 4,R RIGHT,2 THRU LANE 2,E EAST,01 INTERSTATE URBAN,01 INTERSTATE,01 NON-JUNCTION,01 ON ROADWAY,01 NOT AT INTERSECTION,01 PAVED,31,"September 16, 2014",11 URBAN PRIN ART INT.,48,PAVED WARN,10,LAWN,12,,0,64,177000,RCI,7.3,,55,1 NO INJURY,31 Q/C COMPLETED - LOC VERIFIED,0 NO,01 NOT AT INTERSECTION/RRX/BRIDGE,04 DARK-LIGHTED,01 CLEAR,01 DRY,01 LEVEL,1 STRAIGHT,"TWO-WAY, DIVIDED, POSITIVE MED","TWO-WAY, DIVIDED, POSITIVE MED",NO CONTROLS,NO CONTROLS,8,WORK ZONE (CONST/MNT/UTLTY)NTE,NOT CODED,NOT CODED,NONE,NOT CODED,NOT CODED,14 MOTOR VEHICLE IN TRANSPORT,01 FRONT TO REAR,01 STRAIGHT AHEAD,OPERATED MV IN CARLESS OR NEGL,NO CONTRIBUTING ACTION,03 TRANSITION AREA,01 LANE CLOSURE,01 NO,01 NO,01 NO,0,0,0,0,3,0,3,3,N,Y,Y,N,N,N,N,N,N,N,N,N,N,N,N,N,N,N,N,N,N,N,N,N,N,N,28.478278686,-81.449772109,455973.815482,3150267.999382,R,,ARBM15Q1R2,"June 10, 2023",3150273,-9066947.504415022,3309409.3854345754
2020898233040,2020,898233040,2020-00156792,COUNTY SHERIFF'S OFFICE,05 FIFTH,ORANGE,"May 14, 2020",1327,FRIDAY,7546 ORLANDO,0746,Y,JOHN YOUNG PKWY,SHADER RD,0.057,N,0,0,28.5865344,-81.4166729,75190000,5.556,02445,SR 423,,L LEFT,R RIGHT TURN,S SOUTH,20 URBAN 4-5LN 2WY DIVD RASD,03 STATE,77 OTHER (SEE NARRATIVE),01 ON ROADWAY,01 NOT AT INTERSECTION,01 PAVED,35,"September 8, 2019",14 URBAN PRIN ART OTHER,24,PAVED,4,CURB&GUTTER,2,,0,42,50500,RCI,6.7,,45,3 NO-INCAPACITATING INJURY,31 Q/C COMPLETED - LOC VERIFIED,0 NO,01 NOT AT INTERSECTION/RRX/BRIDGE,01 DAYLIGHT,01 CLEAR,01 DRY,01 LEVEL,1 STRAIGHT,"TWO-WAY, DIVIDED, POSITIVE MED","TWO-WAY, DIVIDED, POSITIVE MED",NO CONTROLS,NO CONTROLS,4,NONE,NOT CODED,NOT CODED,NONE,NOT CODED,NOT CODED,14 MOTOR VEHICLE IN TRANSPORT,"04 SIDESWIPE, SAME DIRECTION",77 OTHER (SEE NARRATIVE),OTHER CONTRIBUTING ACTION,OTHER CONTRIBUTING ACTION,04 ACTIVITY AREA,03 WORK ON SHOULDER OR MEDIAN,02 YES,01 NO,01 NO,1,0,0,0,2,0,2,2,N,Y,Y,N,Y,N,N,N,N,N,N,N,N,N,N,N,N,N,N,N,N,N,N,N,N,N,28.586631938,-81.416791966,459243.837374,3162260.312896,L,,ARBM15Q1R2,"June 10, 2023",3150281,-9063276.171074009,3323138.6903107804
2020898233050,2020,898233050,2020-00133012,COUNTY SHERIFF'S OFFICE,05 FIFTH,ORANGE,"April 22, 2020",1600,THURSDAY,7546 ORLANDO,0746,Y,SEMORAN BLVD,EAGLE VAIL DR,0.009,S,0,0,28.4717663,-81.3100773,75003000,1.43,02987,SR 436,,R RIGHT,2 THRU LANE 2,N NORTH,30 URBAN 6+LN 2WY DIVD RASD,03 STATE,01 NON-JUNCTION,01 ON ROADWAY,01 NOT AT INTERSECTION,03 CURB,36,"March 2, 2020",14 URBAN PRIN ART OTHER,36,PAVED,4,CURB&GUTTER,2,,0,32,62183,RCI,2.6,,50,1 NO INJURY,31 Q/C COMPLETED - LOC VERIFIED,0 NO,03 INFLUENCED BY INTERSECTION,01 DAYLIGHT,01 CLEAR,01 DRY,01 LEVEL,1 STRAIGHT,"TWO-WAY, DIVIDED, POSITIVE MED","TWO-WAY, DIVIDED, POSITIVE MED",NO CONTROLS,NO CONTROLS,6,NONE,NOT CODED,NOT CODED,NONE,NOT CODED,NOT CODED,14 MOTOR VEHICLE IN TRANSPORT,"04 SIDESWIPE, SAME DIRECTION",16 LEAVING TRAFFIC LANE,FAILED TO YIELD RIGHT-OF-WAY,NO CONTRIBUTING ACTION,00 NOT CODED,00 NOT CODED,00 NOT CODED,00 NOT CODED,01 NO,0,0,0,0,2,0,2,2,N,N,N,Y,N,N,N,N,N,N,N,N,N,N,N,N,N,N,N,N,N,N,N,N,N,N,28.471644463,-81.309956913,469657.895183,3149489.769349,R,,ARBM15Q1R2,"June 10, 2023",3150282,-9051383.343545742,3308569.2298249635
2020898233060,2020,898233060,2020-00177760,COUNTY SHERIFF'S OFFICE,05 FIFTH,ORANGE,"June 2, 2020",1335,WEDNESDAY,7546 ORLANDO,0746,Y,SR 423,PRINCETON ST,0,,0,0,28.5699068,-81.4154397,75190000,4.409,02677,SR 423,,L LEFT,2 THRU LANE 2,S SOUTH,33 SUBURBAN 6+LN 2WY DIVD RASD,03 STATE,02 INTERSECTION,01 ON ROADWAY,02 FOUR-WAY INTERSECTION,01 PAVED,36,"May 23, 2016",14 URBAN PRIN ART OTHER,36,PAVED,4,LAWN,12,,0,160,56000,RCI,8.4,,55,2 POSSIBLE INJURY,31 Q/C COMPLETED - LOC VERIFIED,0 NO,02 AT INTERSECTION,01 DAYLIGHT,02 CLOUDY,01 DRY,01 LEVEL,3 CURVE LEFT,"TWO-WAY, DIVIDED, POSITIVE MED","TWO-WAY, DIVIDED, POSITIVE MED",TRAFFIC CONTROL SIGNAL,TRAFFIC CONTROL SIGNAL,6,NONE,NOT CODED,NOT CODED,NONE,NOT CODED,NOT CODED,14 MOTOR VEHICLE IN TRANSPORT,03 ANGLE,03 TURNING LEFT,NO CONTRIBUTING ACTION,NOT CODED,00 NOT CODED,00 NOT CODED,00 NOT CODED,00 NOT CODED,01 NO,2,0,0,0,1,0,2,3,N,N,N,Y,N,N,N,N,N,N,N,N,N,N,N,N,N,N,N,N,N,N,N,N,N,N,28.569950593,-81.415748867,459339.423292,3160411.897127,L,,ARBM15Q1R2,"June 10, 2023",3150283,-9063160.053801104,3321024.098038695
2020898233070,2020,898233070,2020-00130393,COUNTY SHERIFF'S OFFICE,05 FIFTH,ORANGE,"April 20, 2020",0903,TUESDAY,7546 ORLANDO,0746,Y,SR 15,MILLS AVE,0,,0,0,28.5457739,-81.3644484,75030000,2.118,05800,SR 15,,L LEFT,1 THRU LANE 1,W WEST,21 URBAN 4-5LN 2WY DIVD PAVD,05 LOCAL,01 NON-JUNCTION,01 ON ROADWAY,02 FOUR-WAY INTERSECTION,03 CURB,35,"March 1, 2020",16 URBAN MINOR ART,18,RAISED CURB,2,,0,,0,12,18500,RCI,2.9,,35,2 POSSIBLE INJURY,31 Q/C COMPLETED - LOC VERIFIED,0 NO,02 AT INTERSECTION,01 DAYLIGHT,01 CLEAR,01 DRY,01 LEVEL,1 STRAIGHT,ONE-WAY TRAFFICWAY,ONE-WAY TRAFFICWAY,NO CONTROLS,NO CONTROLS,4,NONE,NONE,NONE,NONE,NONE,NONE,14 MOTOR VEHICLE IN TRANSPORT,"04 SIDESWIPE, SAME DIRECTION",03 TURNING LEFT,IMPROPER TURN,NO CONTRIBUTING ACTION,00 NOT CODED,00 NOT CODED,00 NOT CODED,00 NOT CODED,01 NO,1,0,0,0,2,0,2,3,N,N,N,Y,N,N,N,N,N,N,N,N,N,N,N,N,N,N,N,N,N,N,N,N,N,N,28.545776547,-81.364449598,464348.429324,3157717.429386,C,,ARBM15Q1R2,"June 10, 2023",3150284,-9057449.443574218,3317960.2968018055
2020898254800,2020,898254800,2020-00172897,COUNTY SHERIFF'S OFFICE,05 FIFTH,ORANGE,"May 28, 2020",1543,FRIDAY,7546 ORLANDO,0746,Y,SR 436,PERSHING AVE,0.095,S,0,0,28.4977417,-81.310216,75003000,3.217,02988,SR 436,,R RIGHT,1 THRU LANE 1,N NORTH,30 URBAN 6+LN 2WY DIVD RASD,03 STATE,01 NON-JUNCTION,01 ON ROADWAY,01 NOT AT INTERSECTION,03 CURB,38,"March 2, 2020",14 URBAN PRIN ART OTHER,36,PAVED,4,CURB&GUTTER,2,,0,32,65000,RCI,5.2,,50,2 POSSIBLE INJURY,31 Q/C COMPLETED - LOC VERIFIED,0 NO,01 NOT AT INTERSECTION/RRX/BRIDGE,01 DAYLIGHT,01 CLEAR,01 DRY,01 LEVEL,1 STRAIGHT,"TWO-WAY, DIVIDED, POSITIVE MED","TWO-WAY, DIVIDED, POSITIVE MED",TRAFFIC CONTROL SIGNAL,TRAFFIC CONTROL SIGNAL,6,NONE,NOT CODED,NOT CODED,NONE,NOT CODED,NOT CODED,14 MOTOR VEHICLE IN TRANSPORT,"04 SIDESWIPE, SAME DIRECTION",06 CHANGING LANES,OPERATED MV IN CARLESS OR NEGL,NO CONTRIBUTING ACTION,00 NOT CODED,00 NOT CODED,00 NOT CODED,00 NOT CODED,01 NO,1,0,0,0,2,0,2,3,N,N,N,N,Y,N,N,N,N,N,N,N,N,N,N,N,N,N,N,N,N,Y,N,N,Y,N,28.497665334,-81.310116913,469649.673909,3152372.502526,R,,ARBM15Q1R2,"June 10, 2023",3150294,-9051401.154752612,3311864.8073546295
2020898254930,2020,898254930,2020-00180907,COUNTY SHERIFF'S OFFICE,05 FIFTH,ORANGE,"June 5, 2020",2010,SATURDAY,7546 ORLANDO,0746,Y,SR 400,SR 423,0,,0,0,28.6057321,-81.386381,75280000,22.285,01343,SR 400,I 4,M MEDIAN,M MIDDLE,E EAST,01 INTERSTATE URBAN,01 INTERSTATE,01 NON-JUNCTION,03 SHOULDER,77 OTHER (SEE NARRATIVE),01 PAVED,25,"September 16, 2014",11 URBAN PRIN ART INT.,36,PAVED,10,LAWN,2,,0,16,135500,RCI,6.8,,50,1 NO INJURY,31 Q/C COMPLETED - LOC VERIFIED,0 NO,06 BRIDGE,04 DARK-LIGHTED,03 RAIN,02 WET,01 LEVEL,1 STRAIGHT,"TWO-WAY, DIVIDED, POSITIVE MED",,NO CONTROLS,NOT CODED,6,"RD SURFC (WET, ICY, SNOW, ETC)",NOT CODED,NOT CODED,WEATHER CONDITIONS,NOT CODED,NOT CODED,30 CONCRETE TRAFFIC BARRIER,77 OTHER (SEE NARRATIVE),01 STRAIGHT AHEAD,SWERVED OR AVOIDED:  DUE TO WI,NOT CODED,00 NOT CODED,00 NOT CODED,00 NOT CODED,00 NOT CODED,01 NO,0,0,0,0,1,0,1,1,N,N,N,N,Y,N,N,N,N,N,N,N,N,N,N,N,N,N,N,N,N,N,N,N,N,N,28.605746663,-81.386365182,462225.992718,3164367.981775,R,,ARBM15Q1R2,"June 10, 2023",3150296,-9059889.076139864,3325562.159865637
2020898212850,2020,898212850,2020-00116580,COUNTY SHERIFF'S OFFICE,05 FIFTH,ORANGE,"April 5, 2020",1630,MONDAY,7546 ORLANDO,0746,Y,I 4,ANDERSON ST,0,,0,0,28.5398483,-81.3818447,75280000,17.408,04836,SR 400,I 4,L LEFT,1 THRU LANE 1,W WEST,01 INTERSTATE URBAN,01 INTERSTATE,01 NON-JUNCTION,01 ON ROADWAY,01 NOT AT INTERSECTION,01 PAVED,27,"September 16, 2014",11 URBAN PRIN ART INT.,48,PAVED,10,LAWN,2,,0,90,148000,RCI,6.8,2D3000,50,2 POSSIBLE INJURY,31 Q/C COMPLETED - LOC VERIFIED,0 NO,01 NOT AT INTERSECTION/RRX/BRIDGE,01 DAYLIGHT,01 CLEAR,01 DRY,01 LEVEL,1 STRAIGHT,"TWO-WAY, DIVIDED, POSITIVE MED","TWO-WAY, DIVIDED, POSITIVE MED",NO CONTROLS,NO CONTROLS,8,NONE,NOT CODED,NOT CODED,NONE,NOT CODED,NOT CODED,14 MOTOR VEHICLE IN TRANSPORT,"04 SIDESWIPE, SAME DIRECTION",01 STRAIGHT AHEAD,OPERATED MV IN CARLESS OR NEGL,NO CONTRIBUTING ACTION,00 NOT CODED,00 NOT CODED,00 NOT CODED,00 NOT CODED,01 NO,1,0,0,0,3,0,3,4,N,N,Y,N,Y,N,N,N,N,N,N,N,N,N,N,N,N,N,N,N,N,N,N,N,N,N,28.539947631,-81.382466616,462583.876056,3157077.161166,L,,ARBM15Q1R2,"June 10, 2023",3150300,-9059455.089255925,3317221.6494560177
2020898215190,2020,898215190,2020-00154274,COUNTY SHERIFF'S OFFICE,05 FIFTH,ORANGE,"May 12, 2020",0946,WEDNESDAY,7546 ORLANDO,0746,Y,JOHN YOUNG PKWY,PRINCETON ST,0,,0,0,28.5699068,-81.4154397,75190000,4.409,02677,SR 423,,L LEFT,1 THRU LANE 1,E EAST,33 SUBURBAN 6+LN 2WY DIVD RASD,03 STATE,02 INTERSECTION,01 ON ROADWAY,02 FOUR-WAY INTERSECTION,03 CURB,36,"May 23, 2016",14 URBAN PRIN ART OTHER,36,PAVED,4,LAWN,12,,0,160,56000,RCI,8.4,,55,3 NO-INCAPACITATING INJURY,31 Q/C COMPLETED - LOC VERIFIED,0 NO,02 AT INTERSECTION,01 DAYLIGHT,01 CLEAR,01 DRY,01 LEVEL,1 STRAIGHT,"TWO-WAY, DIVIDED, POSITIVE MED","TWO-WAY, DIVIDED, POSITIVE MED",TRAFFIC CONTROL SIGNAL,TRAFFIC CONTROL SIGNAL,6,WORK ZONE (CONST/MNT/UTLTY)NTE,NOT CODED,NOT CODED,NONE,NOT CODED,NOT CODED,14 MOTOR VEHICLE IN TRANSPORT,02 FRONT TO FRONT,03 TURNING LEFT,OPERATED MV IN CARLESS OR NEGL,NO CONTRIBUTING ACTION,00 NOT CODED,00 NOT CODED,00 NOT CODED,00 NOT CODED,01 NO,3,0,0,0,2,0,2,4,N,Y,N,Y,N,N,N,N,N,N,N,N,N,N,N,N,N,N,N,N,N,N,N,N,N,N,28.569950593,-81.415748867,459339.423292,3160411.897127,L,,ARBM15Q1R2,"June 10, 2023",3150301,-9063160.053801104,3321024.098038695
2020898257040,2020,898257040,2020-00177013,COUNTY SHERIFF'S OFFICE,05 FIFTH,ORANGE,"June 1, 2020",1719,TUESDAY,7546 ORLANDO,0746,Y,SR 436,LEE VISTA BLVD,0,,0,0,28.4690766,-81.3100718,75003000,1.245,02796,SR 436,,L LEFT,2 THRU LANE 2,S SOUTH,30 URBAN 6+LN 2WY DIVD RASD,03 STATE,02 INTERSECTION,01 ON ROADWAY,02 FOUR-WAY INTERSECTION,03 CURB,36,"March 2, 2020",14 URBAN PRIN ART OTHER,36,PAVED,4,CURB&GUTTER,2,,0,32,62183,RCI,2.6,,50,2 POSSIBLE INJURY,31 Q/C COMPLETED - LOC VERIFIED,0 NO,02 AT INTERSECTION,01 DAYLIGHT,02 CLOUDY,01 DRY,01 LEVEL,1 STRAIGHT,"TWO-WAY, DIVIDED, POSITIVE MED","TWO-WAY, DIVIDED, POSITIVE MED",TRAFFIC CONTROL SIGNAL,TRAFFIC CONTROL SIGNAL,6,NONE,NOT CODED,NOT CODED,NONE,NOT CODED,NOT CODED,14 MOTOR VEHICLE IN TRANSPORT,03 ANGLE,01 STRAIGHT AHEAD,RAN RED LIGHT,NO CONTRIBUTING ACTION,00 NOT CODED,00 NOT CODED,00 NOT CODED,00 NOT CODED,01 NO,3,0,0,0,2,0,2,3,N,N,N,Y,N,N,N,N,N,N,N,N,N,N,N,N,N,N,N,N,Y,Y,Y,N,N,N,28.4690463,-81.310176914,469635.616124,3149201.991029,L,,ARBM15Q1R2,"June 10, 2023",3150349,-9051407.833908293,3308240.213744824
2020898257080,2020,898257080,2020-00178823,COUNTY SHERIFF'S OFFICE,05 FIFTH,ORANGE,"June 3, 2020",1410,THURSDAY,7546 ORLANDO,0746,Y,SR 527,PINELOCH AVE,0.009,N,0,0,28.5100768,-81.3763094,75040000,11.792,00744,SR 527,,L LEFT,2 THRU LANE 2,0,20 URBAN 4-5LN 2WY DIVD RASD,03 STATE,01 NON-JUNCTION,01 ON ROADWAY,01 NOT AT INTERSECTION,03 CURB,40,"October 27, 2020",14 URBAN PRIN ART OTHER,22,CURB&GUTTER,2,CURB&GUTTER,2,,0,21,38138,RCI,5.9,,40,1 NO INJURY,31 Q/C COMPLETED - LOC VERIFIED,0 NO,03 INFLUENCED BY INTERSECTION,01 DAYLIGHT,03 RAIN,02 WET,00 NOT CODED,0 NOT CODED,NOT CODED,"TWO-WAY, NOT DIVIDED",NOT CODED,NO CONTROLS,4,NONE,NOT CODED,NOT CODED,NONE,NOT CODED,NOT CODED,14 MOTOR VEHICLE IN TRANSPORT,01 FRONT TO REAR,00 NOT CODED,NOT CODED,NO CONTRIBUTING ACTION,00 NOT CODED,00 NOT CODED,00 NOT CODED,00 NOT CODED,01 NO,0,0,0,0,1,0,2,1,N,N,Y,Y,N,N,N,N,N,N,N,N,N,N,N,N,N,N,N,N,N,N,N,N,N,N,28.510085812,-81.376296893,463177.079545,3153767.011653,C,,ARBM15Q1R2,"June 10, 2023",3150350,-9058768.278649887,3313438.1636808673
2020898260100,2020,898260100,2020-00193411,COUNTY SHERIFF'S OFFICE,05 FIFTH,ORANGE,"June 17, 2020",1259,THURSDAY,7546 ORLANDO,0746,Y,SR 423,SR 438,0,,0,0,28.5699068,-81.4154397,75190000,4.409,02677,SR 423,,I INTERSECTION,M MIDDLE,S SOUTH,33 SUBURBAN 6+LN 2WY DIVD RASD,03 STATE,02 INTERSECTION,01 ON ROADWAY,02 FOUR-WAY INTERSECTION,01 PAVED,36,"May 23, 2016",14 URBAN PRIN ART OTHER,36,PAVED,4,LAWN,12,,0,160,56000,RCI,8.4,,55,1 NO INJURY,31 Q/C COMPLETED - LOC VERIFIED,0 NO,02 AT INTERSECTION,01 DAYLIGHT,01 CLEAR,01 DRY,01 LEVEL,1 STRAIGHT,"TWO-WAY, DIVIDED, POSITIVE MED","TWO-WAY, DIVIDED, POSITIVE MED",TRAFFIC CONTROL SIGNAL,NO CONTROLS,6,WORK ZONE (CONST/MNT/UTLTY)NTE,NOT CODED,NOT CODED,NONE,NOT CODED,NOT CODED,14 MOTOR VEHICLE IN TRANSPORT,03 ANGLE,01 STRAIGHT AHEAD,IMPROPER TURN,NO CONTRIBUTING ACTION,04 ACTIVITY AREA,02 LANE SHIFT/CROSSOVER,02 YES,01 NO,01 NO,0,0,0,0,2,0,2,2,N,Y,N,Y,N,N,N,N,N,N,N,N,N,N,N,N,N,N,N,N,N,Y,Y,N,N,N,28.569873683,-81.415150106,459397.953711,3160403.173452,R,,ARBM15Q1R2,"June 10, 2023",3150352,-9063093.39995155,3321014.349424916
2020898260120,2020,898260120,2020-00202345,COUNTY SHERIFF'S OFFICE,05 FIFTH,ORANGE,"June 26, 2020",1320,SATURDAY,7546 ORLANDO,0746,Y,SILVER STAR RD,JOHN YOUNG PKWY N,0.057,W,0,0,28.5781182,-81.4173391,75250000,8.383,06025,SR 416,,R RIGHT,1 THRU LANE 1,W WEST,14 SUBURBAN 2-3LN 2WY DIVD PAVD,05 LOCAL,04 DRIVEWAY/ALLEY ACCESS RELATED,01 ON ROADWAY,01 NOT AT INTERSECTION,01 PAVED,34,"September 8, 2019",16 URBAN MINOR ART,12,PAVED,4,LAWN,6,,0,10,16100,RCI,8.9,,40,2 POSSIBLE INJURY,31 Q/C COMPLETED - LOC VERIFIED,0 NO,04 DRIVEWAY ACCESS,01 DAYLIGHT,02 CLOUDY,01 DRY,01 LEVEL,1 STRAIGHT,"TWO-WAY, NOT DIV, W/CONT LTURN","TWO-WAY, NOT DIV, W/CONT LTURN",NO CONTROLS,NO CONTROLS,2,NONE,NOT CODED,NOT CODED,NONE,NOT CODED,NOT CODED,14 MOTOR VEHICLE IN TRANSPORT,03 ANGLE,05 TURNING RIGHT,FAILED TO YIELD RIGHT-OF-WAY,NO CONTRIBUTING ACTION,00 NOT CODED,00 NOT CODED,00 NOT CODED,00 NOT CODED,01 NO,1,0,0,0,2,0,2,2,N,N,Y,N,N,N,N,N,N,N,N,N,N,N,N,N,N,N,N,N,N,N,N,N,N,N,28.578112108,-81.417283462,459192.486975,3161316.600895,C,,ARBM15Q1R2,"June 10, 2023",3150353,-9063330.884101143,3322058.6416125596
2020898260310,2020,898260310,2020-00202241,COUNTY SHERIFF'S OFFICE,05 FIFTH,ORANGE,"June 27, 2020",1050,SUNDAY,7546 ORLANDO,0746,Y,I 4,PRINCETON ST,0.028,S,0,0,28.5706793,-81.3756568,75280000,19.619,01341,SR 400,I 4,R RIGHT,2 THRU LANE 2,E EAST,01 INTERSTATE URBAN,01 INTERSTATE,01 NON-JUNCTION,01 ON ROADWAY,01 NOT AT INTERSECTION,01 PAVED,25,"September 16, 2014",11 URBAN PRIN ART INT.,48,PAVED,10,CURB&GUTTER,2,,0,18,170500,RCI,6.8,,50,1 NO INJURY,31 Q/C COMPLETED - LOC VERIFIED,0 NO,01 NOT AT INTERSECTION/RRX/BRIDGE,01 DAYLIGHT,01 CLEAR,01 DRY,01 LEVEL,1 STRAIGHT,"TWO-WAY, DIVIDED, UNPROTECTED","TWO-WAY, DIVIDED, POSITIVE MED",NO CONTROLS,NO CONTROLS,8,NONE,NOT CODED,NOT CODED,NONE,NOT CODED,NOT CODED,14 MOTOR VEHICLE IN TRANSPORT,01 FRONT TO REAR,01 STRAIGHT AHEAD,OPERATED MV IN CARLESS OR NEGL,NO CONTRIBUTING ACTION,00 NOT CODED,00 NOT CODED,00 NOT CODED,00 NOT CODED,01 NO,0,0,0,0,2,0,2,2,N,N,N,N,N,N,N,N,N,N,Y,N,N,N,N,N,N,N,N,N,N,N,N,N,N,N,28.570691169,-81.375653793,463261.043715,3160480.990635,R,,ARBM15Q1R2,"June 10, 2023",3150365,-9058696.689273952,3321117.969346035
2020898246480,2020,898246480,2020-00195890,COUNTY SHERIFF'S OFFICE,05 FIFTH,ORANGE,"June 20, 2020",0710,SUNDAY,7546 ORLANDO,0746,Y,COLONIAL DR,GARLAND AVE,0,,0,0,28.5530885,-81.3818106,75060000,0.839,02558,SR 50,US 17,R RIGHT,1 THRU LANE 1,N NORTH,20 URBAN 4-5LN 2WY DIVD RASD,03 STATE,14 ENTRANCE/EXIT RAMP,01 ON ROADWAY,02 FOUR-WAY INTERSECTION,01 PAVED,33,"September 9, 2019",14 URBAN PRIN ART OTHER,22,PAVED,6,CURB&GUTTER,2,,0,12,36000,RCI,4.8,,40,2 POSSIBLE INJURY,31 Q/C COMPLETED - LOC VERIFIED,0 NO,02 AT INTERSECTION,01 DAYLIGHT,01 CLEAR,01 DRY,01 LEVEL,1 STRAIGHT,ONE-WAY TRAFFICWAY,"TWO-WAY, NOT DIV, W/CONT LTURN",TRAFFIC CONTROL SIGNAL,TRAFFIC CONTROL SIGNAL,4,NONE,NOT CODED,NOT CODED,NONE,NOT CODED,NOT CODED,14 MOTOR VEHICLE IN TRANSPORT,03 ANGLE,01 STRAIGHT AHEAD,NO CONTRIBUTING ACTION,NO CONTRIBUTING ACTION,00 NOT CODED,00 NOT CODED,00 NOT CODED,00 NOT CODED,01 NO,3,0,0,0,2,0,2,3,N,N,N,Y,N,N,N,N,N,N,N,N,N,N,N,N,N,N,N,N,N,N,N,N,N,N,28.553084989,-81.381828668,462650.921019,3158532.388817,C,,ARBM15Q1R2,"June 10, 2023",3150391,-9059384.073388359,3318886.4892770783
2020898246510,2020,898246510,2020-00204995,COUNTY SHERIFF'S OFFICE,05 FIFTH,ORANGE,"June 29, 2020",0820,TUESDAY,7546 ORLANDO,0746,Y,LEE VISTA BLVD,SEMORAN BLVD S,0,,0,0,28.4690766,-81.3100718,75003000,1.245,02796,SR 436,,T SIDE RD LEFT,1 THRU LANE 1,E EAST,30 URBAN 6+LN 2WY DIVD RASD,05 LOCAL,01 NON-JUNCTION,01 ON ROADWAY,02 FOUR-WAY INTERSECTION,01 PAVED,36,"March 2, 2020",14 URBAN PRIN ART OTHER,36,PAVED,4,CURB&GUTTER,2,,0,32,62183,RCI,2.6,,50,3 NO-INCAPACITATING INJURY,31 Q/C COMPLETED - LOC VERIFIED,0 NO,02 AT INTERSECTION,01 DAYLIGHT,01 CLEAR,01 DRY,01 LEVEL,1 STRAIGHT,"TWO-WAY, DIVIDED, POSITIVE MED",,NO CONTROLS,NOT CODED,6,NONE,NONE,NOT CODED,NONE,NOT CODED,NOT CODED,14 MOTOR VEHICLE IN TRANSPORT,77 OTHER (SEE NARRATIVE),01 STRAIGHT AHEAD,NO CONTRIBUTING ACTION,NOT CODED,00 NOT CODED,00 NOT CODED,00 NOT CODED,00 NOT CODED,01 NO,1,0,0,0,1,0,1,1,N,N,N,Y,N,N,N,N,N,N,N,N,N,N,N,Y,N,N,N,N,N,N,N,N,N,N,28.4690463,-81.310176914,469635.616124,3149201.991029,L,,ARBM15Q1R2,"June 10, 2023",3150392,-9051407.833908293,3308240.213744824