Crash Id,Calendar Year,FDOT Crash Number,Reporting Agency Case Number,Reporting Agency Type,FDOT Managing District,County Name,Crash Date,Crash Time,Day,DHSMV City,Crash Report City Code,In Town,On Roadway Name,Int Roadway Name,Reference Distance (Miles),Reference Direction,Officer Latitude,Officer Longitude,FDOT Latitude,FDOT Longitude,FDOT Roadway,Nearest Inventory MP,Nearest Node From Crash,State Road #,US Highway,Crash Side of Road,Accident Lane Number,Travel Direction Vehicle 1,FDOT Road Category,DHSMV Road System Id,Relation to Junction,Crash Harmful Event Location,Intersection Type,Shoulder Type,FDOT Roadway SKID Test Result,FDOT Roadway SKID Test Date,Functional Class,RCI Surface Width,RCI Shoulder Type First,RCI Shoulder Width First,RCI Shoulder Type Second,RCI Shoulder Width Second,RCI Shoulder Type Third,RCI Shoulder Width Third,RCI Median Width,Avg Daily Traffic,AADT Source,RCI Avg Per Truck Traffic,RCI Horiz Curve Condition,Posted Speed Limit,Highest Injury in Crash,CAR Status Code,Alcohols/Drug Involved,Site Location,Lighting,Weather,Road Surface,Roadway Grade,Roadway Alignment,Traffic Way Vehicle 1,Traffic Way Vehicle 2,Traffic Control Vehicle 1,Traffic Control Vehicle 2,Count of Lanes,Road Condition 1,Road Condition 2,Road Condition 3,Environment Condition 1,Environment Condition 2,Environment Condition 3,Crash Harmful Event,Manner of Collision,Vehicle Movement,Driver Action Vehicle 1,Driver Action Vehicle 2,Location Within Workzone,Type of Workzone,Workers Present in Workzone,Law Enforcement Present in Workzone,School Bus Related,Count of Nonfatal Injuries,Count of Traffic Fatalities,Count of Serious Injuries,Count of Pedestrians,Count of Drivers,Count of Bicyclists,Count of Vehicles,Count of Persons,Wrong Way,Workzone Inv,Commercial Vehicle Inv,Intersection Inv,Lane Departure,Speeding,Agressive Driving,Impaired Driver,Impaired Pedestrian,Impaired Bicyclist,Distracted Driver,Speeding or Aggressive Driving,Pedestrian Related,Bicyclist Related,Pedestrian or Bicyclist Related,Motorcycle Inv,No Belt,No Belt - Ages 1-4,No Belt - Ages 5-12,No Belt - Ages 13-17,Driver - Ages Teen,Driver - Ages 65 plus,Driver - Ages 65-69,Driver - Ages 70-74,Driver - Ages 75-79,Driver - Ages 80 plus,ARBM Latitude,ARBM Longitude,UTM Zone 17N X,UTM Zone 17N Y,ARBM Side of Road,Urban Rural Indicator,GIS Street Source,Extract Date,OBJECTID,x,y
2020898246520,2020,898246520,2020-00144230,COUNTY SHERIFF'S OFFICE,05 FIFTH,ORANGE,"May 3, 2020",1720,MONDAY,7546 ORLANDO,0746,Y,SR 436,LAKE UNDERHILL RD,0.038,S,0,0,28.5388206,-81.3105561,75003000,6.043,01734,SR 436,,R RIGHT,2 THRU LANE 2,0,30 URBAN 6+LN 2WY DIVD RASD,03 STATE,03 INTERSECTION-RELATED,01 ON ROADWAY,02 FOUR-WAY INTERSECTION,03 CURB,36,"March 2, 2020",14 URBAN PRIN ART OTHER,33,CURB&GUTTER,2,,0,,0,16,56000,RCI,5.2,,45,1 NO INJURY,31 Q/C COMPLETED - LOC VERIFIED,0 NO,03 INFLUENCED BY INTERSECTION,01 DAYLIGHT,01 CLEAR,01 DRY,00 NOT CODED,0 NOT CODED,NOT CODED,"TWO-WAY, DIVIDED, POSITIVE MED",NOT CODED,TRAFFIC CONTROL SIGNAL,6,NONE,NOT CODED,NOT CODED,NONE,NOT CODED,NOT CODED,14 MOTOR VEHICLE IN TRANSPORT,"04 SIDESWIPE, SAME DIRECTION",00 NOT CODED,NOT CODED,NO CONTRIBUTING ACTION,00 NOT CODED,00 NOT CODED,00 NOT CODED,00 NOT CODED,01 NO,0,0,0,0,1,0,2,1,N,N,N,Y,N,N,N,N,N,N,N,N,N,N,N,N,N,N,N,N,N,N,N,N,N,N,28.538812476,-81.310476912,469626.235185,3156931.055864,R,,ARBM15Q1R2,"June 10, 2023",3150393,-9051441.229784826,3317077.8061878122
2020898261040,2020,898261040,2020-00184717,COUNTY SHERIFF'S OFFICE,05 FIFTH,ORANGE,"June 9, 2020",1344,WEDNESDAY,7546 ORLANDO,0746,Y,SR 50 E,HYER AVE,0,,0,0,28.5531799,-81.3665935,75060000,1.764,05104,SR 50,US 17,M MEDIAN,T CONTIN. TURN,E EAST,20 URBAN 4-5LN 2WY DIVD RASD,03 STATE,01 NON-JUNCTION,01 ON ROADWAY,02 FOUR-WAY INTERSECTION,01 PAVED,37,"September 9, 2019",14 URBAN PRIN ART OTHER,22,PAVED,6,CURB&GUTTER,2,,0,12,44500,RCI,3.5,,40,2 POSSIBLE INJURY,31 Q/C COMPLETED - LOC VERIFIED,0 NO,02 AT INTERSECTION,01 DAYLIGHT,01 CLEAR,01 DRY,01 LEVEL,1 STRAIGHT,"TWO-WAY, NOT DIV, W/CONT LTURN","TWO-WAY, NOT DIV, W/CONT LTURN",NO CONTROLS,NO CONTROLS,4,NONE,NOT CODED,NOT CODED,NONE,NOT CODED,NOT CODED,14 MOTOR VEHICLE IN TRANSPORT,03 ANGLE,03 TURNING LEFT,NO CONTRIBUTING ACTION,FAILED TO YIELD RIGHT-OF-WAY,00 NOT CODED,00 NOT CODED,00 NOT CODED,00 NOT CODED,01 NO,3,0,0,0,2,0,2,3,N,N,N,Y,N,N,N,N,N,N,N,N,N,N,N,N,N,N,N,N,N,Y,Y,N,N,N,28.553175776,-81.366623638,464138.263432,3158537.803477,C,,ARBM15Q1R2,"June 10, 2023",3150420,-9057691.456616705,3318897.995193428
2020898269970,2020,898269970,2020-00193662,COUNTY SHERIFF'S OFFICE,05 FIFTH,ORANGE,"June 17, 2020",1700,THURSDAY,7546 ORLANDO,0746,Y,SR 408,ORANGE BLOSSOM TRL,0.028,W,0,0,28.5350941,-81.3980712,75008000,4.283,01523,SR 408,,M MEDIAN,M MIDDLE,W WEST,03 TOLL ROAD URBAN,06 TURNPIKE/TOLL,01 NON-JUNCTION,01 ON ROADWAY,01 NOT AT INTERSECTION,01 PAVED,35,"March 2, 2020",12 URBAN PRIN ART EXPR.,44,PAVED WARN,8,,0,,0,22,101000,RCI,4.5,,55,1 NO INJURY,31 Q/C COMPLETED - LOC VERIFIED,0 NO,01 NOT AT INTERSECTION/RRX/BRIDGE,01 DAYLIGHT,03 RAIN,02 WET,01 LEVEL,1 STRAIGHT,"TWO-WAY, DIVIDED, POSITIVE MED",,NO CONTROLS,NOT CODED,7,"RD SURFC (WET, ICY, SNOW, ETC)",NOT CODED,NOT CODED,WEATHER CONDITIONS,NOT CODED,NOT CODED,14 MOTOR VEHICLE IN TRANSPORT,77 OTHER (SEE NARRATIVE),01 STRAIGHT AHEAD,OVER-CORRECTING/OVERSTEERING,NOT CODED,00 NOT CODED,00 NOT CODED,00 NOT CODED,00 NOT CODED,01 NO,0,0,0,0,1,0,1,1,N,N,N,N,Y,N,N,N,N,N,N,N,N,N,N,N,N,N,N,N,N,N,N,N,N,N,28.535098691,-81.398092106,461053.461937,3156544.944739,R,,ARBM15Q1R2,"June 10, 2023",3150427,-9061194.511427753,3316607.2167994683
2020898225470,2020,898225470,2020-00178396,COUNTY SHERIFF'S OFFICE,05 FIFTH,ORANGE,"June 3, 2020",0240,THURSDAY,7546 ORLANDO,0746,Y,T G LEE BLVD,SEMORAN BLVD,0,,0,0,28.4604568,-81.3100345,75003000,0.652,01725,SR 436,,I INTERSECTION,M MIDDLE,S SOUTH,30 URBAN 6+LN 2WY DIVD RASD,05 LOCAL,02 INTERSECTION,01 ON ROADWAY,02 FOUR-WAY INTERSECTION,01 PAVED,36,"March 2, 2020",14 URBAN PRIN ART OTHER,36,CURB&GUTTER,2,LAWN,12,,0,32,75500,RCI,6.8,,45,2 POSSIBLE INJURY,31 Q/C COMPLETED - LOC VERIFIED,0 NO,02 AT INTERSECTION,04 DARK-LIGHTED,03 RAIN,02 WET,01 LEVEL,1 STRAIGHT,"TWO-WAY, DIVIDED, UNPROTECTED","TWO-WAY, NOT DIVIDED",TRAFFIC CONTROL SIGNAL,NO CONTROLS,6,"RD SURFC (WET, ICY, SNOW, ETC)",NOT CODED,NOT CODED,WEATHER CONDITIONS,NOT CODED,NOT CODED,14 MOTOR VEHICLE IN TRANSPORT,02 FRONT TO FRONT,01 STRAIGHT AHEAD,DROVE TOO FAST FOR CONDITIONS,NO CONTRIBUTING ACTION,00 NOT CODED,00 NOT CODED,00 NOT CODED,00 NOT CODED,01 NO,3,0,0,0,2,0,2,3,N,N,N,Y,N,Y,N,N,N,N,N,Y,N,N,N,N,N,N,N,N,N,N,N,N,N,N,28.460316023,-81.309926914,469657.596108,3148234.756755,R,,ARBM15Q1R2,"June 10, 2023",3150436,-9051380.004047303,3307134.721697676
2020898227910,2020,898227910,2020-00153838,COUNTY SHERIFF'S OFFICE,05 FIFTH,ORANGE,"May 12, 2020",2300,WEDNESDAY,7546 ORLANDO,0746,Y,ORANGE AVE S,MICHIGAN ST,0,S,0,0,28.5135772,-81.3763168,75040000,12.033,01755,SR 527,,L LEFT,1 THRU LANE 1,N NORTH,21 URBAN 4-5LN 2WY DIVD PAVD,05 LOCAL,02 INTERSECTION,01 ON ROADWAY,02 FOUR-WAY INTERSECTION,03 CURB,40,"October 27, 2020",14 URBAN PRIN ART OTHER,22,CURB&GUTTER,2,CURB&GUTTER,2,,0,21,38138,RCI,5.9,,40,3 NO-INCAPACITATING INJURY,31 Q/C COMPLETED - LOC VERIFIED,0 NO,01 NOT AT INTERSECTION/RRX/BRIDGE,04 DARK-LIGHTED,01 CLEAR,01 DRY,01 LEVEL,1 STRAIGHT,"TWO-WAY, NOT DIV, W/CONT LTURN","TWO-WAY, DIVIDED, UNPROTECTED",TRAFFIC CONTROL SIGNAL,TRAFFIC CONTROL SIGNAL,4,NONE,NOT CODED,NOT CODED,NONE,NOT CODED,NOT CODED,09 OTHER NON-COLLISION,77 OTHER (SEE NARRATIVE),03 TURNING LEFT,FAILED TO YIELD RIGHT-OF-WAY,SWERVED OR AVOIDED:  DUE TO WI,00 NOT CODED,00 NOT CODED,00 NOT CODED,00 NOT CODED,01 NO,2,0,0,0,3,0,3,3,N,N,N,N,N,N,N,N,N,N,Y,N,N,N,N,N,N,N,N,N,N,N,N,N,N,N,28.513585402,-81.376326289,463175.418471,3154154.721709,C,,ARBM15Q1R2,"June 10, 2023",3150439,-9058771.550957683,3313881.5053372798
2020898227930,2020,898227930,2020-00118552,COUNTY SHERIFF'S OFFICE,05 FIFTH,ORANGE,"April 7, 2020",1745,WEDNESDAY,7546 ORLANDO,0746,Y,SR 435,METRO WEST BLVD,0,,0,0,28.5136871,-81.4590934,75270000,4.429,02507,SR 435,,R RIGHT,1 THRU LANE 1,E EAST,33 SUBURBAN 6+LN 2WY DIVD RASD,03 STATE,02 INTERSECTION,01 ON ROADWAY,02 FOUR-WAY INTERSECTION,01 PAVED,28,"March 14, 2017",14 URBAN PRIN ART OTHER,36,PAVED,5,LAWN,7,,0,40,58000,RCI,6.1,,50,2 POSSIBLE INJURY,31 Q/C COMPLETED - LOC VERIFIED,0 NO,02 AT INTERSECTION,01 DAYLIGHT,01 CLEAR,01 DRY,01 LEVEL,1 STRAIGHT,"TWO-WAY, DIVIDED, POSITIVE MED","TWO-WAY, DIVIDED, POSITIVE MED",TRAFFIC CONTROL SIGNAL,TRAFFIC CONTROL SIGNAL,6,NONE,NONE,NONE,NONE,NOT CODED,NOT CODED,14 MOTOR VEHICLE IN TRANSPORT,03 ANGLE,01 STRAIGHT AHEAD,OTHER CONTRIBUTING ACTION,OTHER CONTRIBUTING ACTION,00 NOT CODED,00 NOT CODED,00 NOT CODED,00 NOT CODED,01 NO,3,0,0,0,2,0,2,3,N,N,N,Y,N,N,N,N,N,N,N,N,N,N,N,N,N,N,N,N,N,N,N,N,N,N,28.51392211,-81.458984241,455087.162667,3154220.170224,R,,ARBM15Q1R2,"June 10, 2023",3150440,-9067972.994762965,3313924.161409457
2020898229850,2020,898229850,2020-00122834,COUNTY SHERIFF'S OFFICE,05 FIFTH,ORANGE,"April 12, 2020",1327,MONDAY,7546 ORLANDO,0746,Y,SR 436,MICHIGAN ST,0.019,N,0,0,28.5151851,-81.3103139,75003000,4.417,02572,SR 436,,L LEFT,3 THRU LANE 3,S SOUTH,30 URBAN 6+LN 2WY DIVD RASD,03 STATE,03 INTERSECTION-RELATED,01 ON ROADWAY,01 NOT AT INTERSECTION,03 CURB,38,"March 2, 2020",14 URBAN PRIN ART OTHER,36,PAVED,4,CURB&GUTTER,2,,0,32,65000,RCI,5.2,,50,2 POSSIBLE INJURY,31 Q/C COMPLETED - LOC VERIFIED,0 NO,03 INFLUENCED BY INTERSECTION,01 DAYLIGHT,01 CLEAR,01 DRY,01 LEVEL,1 STRAIGHT,"TWO-WAY, DIVIDED, POSITIVE MED","TWO-WAY, DIVIDED, POSITIVE MED",TRAFFIC CONTROL SIGNAL,TRAFFIC CONTROL SIGNAL,6,NONE,NOT CODED,NOT CODED,NONE,NOT CODED,NOT CODED,14 MOTOR VEHICLE IN TRANSPORT,01 FRONT TO REAR,01 STRAIGHT AHEAD,OPERATED MV IN CARLESS OR NEGL,NO CONTRIBUTING ACTION,00 NOT CODED,00 NOT CODED,00 NOT CODED,00 NOT CODED,01 NO,1,0,0,0,2,0,2,2,N,N,N,Y,N,N,N,N,N,N,N,N,N,N,N,N,N,N,N,N,N,N,N,N,N,N,28.515184811,-81.310436912,469623.375167,3154313.46526,L,,ARBM15Q1R2,"June 10, 2023",3150449,-9051436.776898038,3314084.130064154
2020898237910,2020,898237910,2020-00122732,COUNTY SHERIFF'S OFFICE,05 FIFTH,ORANGE,"April 12, 2020",1127,MONDAY,7546 ORLANDO,0746,Y,I 4,SR 423,0.5,N,0,0,28.6176119,-81.3865013,75280000,23.102,00403,SR 400,I 4,L LEFT,2 THRU LANE 2,W WEST,01 INTERSTATE URBAN,01 INTERSTATE,01 NON-JUNCTION,01 ON ROADWAY,01 NOT AT INTERSECTION,01 PAVED,27,"September 16, 2014",11 URBAN PRIN ART INT.,48,PAVED WARN,10,LAWN,2,,0,16,172500,RCI,6.8,,55,1 NO INJURY,31 Q/C COMPLETED - LOC VERIFIED,0 NO,01 NOT AT INTERSECTION/RRX/BRIDGE,01 DAYLIGHT,02 CLOUDY,01 DRY,01 LEVEL,1 STRAIGHT,"TWO-WAY, DIVIDED, POSITIVE MED","TWO-WAY, DIVIDED, POSITIVE MED",NO CONTROLS,NO CONTROLS,7,NONE,NOT CODED,NOT CODED,NONE,NOT CODED,NOT CODED,14 MOTOR VEHICLE IN TRANSPORT,01 FRONT TO REAR,01 STRAIGHT AHEAD,FOLLOWED TOO CLOSELY,NO CONTRIBUTING ACTION,04 ACTIVITY AREA,03 WORK ON SHOULDER OR MEDIAN,01 NO,01 NO,01 NO,0,0,0,0,2,0,3,5,N,Y,N,N,N,N,N,N,N,N,Y,N,N,N,N,N,N,N,N,N,N,N,N,N,N,N,28.617633757,-81.386696887,462197.818825,3165685.01529,L,,ARBM15Q1R2,"June 10, 2023",3150450,-9059926.00137323,3327069.493116694
2020898244000,2020,898244000,2020-00202698,COUNTY SHERIFF'S OFFICE,05 FIFTH,ORANGE,"June 26, 2020",2115,SATURDAY,7546 ORLANDO,0746,Y,KIRKMAN RD S,RALEIGH ST,0,,0,0,28.5278852,-81.4592608,75270000,5.4,00127,SR 435,,R RIGHT,2 THRU LANE 2,N NORTH,33 SUBURBAN 6+LN 2WY DIVD RASD,03 STATE,02 INTERSECTION,01 ON ROADWAY,02 FOUR-WAY INTERSECTION,01 PAVED,28,"March 14, 2017",14 URBAN PRIN ART OTHER,36,PAVED,5,LAWN,7,,0,40,59500,RCI,6.1,,50,1 NO INJURY,31 Q/C COMPLETED - LOC VERIFIED,1 ALC,02 AT INTERSECTION,04 DARK-LIGHTED,01 CLEAR,01 DRY,01 LEVEL,1 STRAIGHT,"TWO-WAY, DIVIDED, POSITIVE MED","TWO-WAY, DIVIDED, UNPROTECTED",TRAFFIC CONTROL SIGNAL,TRAFFIC CONTROL SIGNAL,6,NONE,NONE,NONE,NONE,NONE,NONE,14 MOTOR VEHICLE IN TRANSPORT,03 ANGLE,01 STRAIGHT AHEAD,RAN RED LIGHT,NO CONTRIBUTING ACTION,00 NOT CODED,00 NOT CODED,00 NOT CODED,00 NOT CODED,01 NO,0,0,0,0,2,0,2,2,N,N,N,Y,N,N,N,Y,N,N,N,N,N,N,N,N,N,N,N,N,N,Y,N,N,Y,N,28.528048912,-81.459148495,455077.078402,3155785.276828,R,,ARBM15Q1R2,"June 10, 2023",3150459,-9067991.279469347,3315713.95560346
2020898246250,2020,898246250,2020-00137448,COUNTY SHERIFF'S OFFICE,05 FIFTH,ORANGE,"April 27, 2020",1301,TUESDAY,7546 ORLANDO,0746,Y,SR 408,ORANGE BLOSSOM TRL,0.5,E,0,0,28.5351232,-81.3890258,75008000,4.834,03859,SR 408,,L LEFT,2 THRU LANE 2,W WEST,03 TOLL ROAD URBAN,03 STATE,01 NON-JUNCTION,01 ON ROADWAY,01 NOT AT INTERSECTION,01 PAVED,35,"March 2, 2020",12 URBAN PRIN ART EXPR.,33,PAVED WARN,8,,0,,0,44,101000,RCI,4.5,,55,1 NO INJURY,31 Q/C COMPLETED - LOC VERIFIED,0 NO,01 NOT AT INTERSECTION/RRX/BRIDGE,01 DAYLIGHT,01 CLEAR,01 DRY,01 LEVEL,1 STRAIGHT,"TWO-WAY, DIVIDED, POSITIVE MED","TWO-WAY, DIVIDED, POSITIVE MED",NO CONTROLS,NO CONTROLS,5,NONE,NOT CODED,NOT CODED,NONE,NOT CODED,NOT CODED,14 MOTOR VEHICLE IN TRANSPORT,01 FRONT TO REAR,01 STRAIGHT AHEAD,FOLLOWED TOO CLOSELY,NO CONTRIBUTING ACTION,00 NOT CODED,00 NOT CODED,00 NOT CODED,00 NOT CODED,01 NO,0,0,0,0,2,0,2,2,N,N,N,N,N,N,N,N,N,N,N,N,N,N,N,N,N,N,N,N,N,N,N,N,N,N,28.535294658,-81.389028806,461940.22952,3156563.745438,L,,ARBM15Q1R2,"June 10, 2023",3150460,-9060185.58923749,3316632.04819272
2020898246320,2020,898246320,2020-00186955,COUNTY SHERIFF'S OFFICE,05 FIFTH,ORANGE,"June 11, 2020",1523,FRIDAY,7546 ORLANDO,0746,Y,SR 50,HERNDON AVE,0.028,E,0,0,28.5534369,-81.3368971,75060000,3.569,05128,SR 50,,R RIGHT,1 THRU LANE 1,E EAST,30 URBAN 6+LN 2WY DIVD RASD,03 STATE,01 NON-JUNCTION,01 ON ROADWAY,02 FOUR-WAY INTERSECTION,03 CURB,34,"September 9, 2019",14 URBAN PRIN ART OTHER,36,CURB&GUTTER,2,,0,,0,20,68500,RCI,2.5,,40,2 POSSIBLE INJURY,31 Q/C COMPLETED - LOC VERIFIED,0 NO,01 NOT AT INTERSECTION/RRX/BRIDGE,01 DAYLIGHT,01 CLEAR,01 DRY,01 LEVEL,1 STRAIGHT,"TWO-WAY, DIVIDED, POSITIVE MED","TWO-WAY, DIVIDED, POSITIVE MED",TRAFFIC CONTROL SIGNAL,TRAFFIC CONTROL SIGNAL,6,NONE,NONE,NOT CODED,NONE,NOT CODED,NOT CODED,14 MOTOR VEHICLE IN TRANSPORT,01 FRONT TO REAR,01 STRAIGHT AHEAD,OPERATED MV IN CARLESS OR NEGL,NO CONTRIBUTING ACTION,00 NOT CODED,00 NOT CODED,00 NOT CODED,00 NOT CODED,01 NO,3,0,0,0,5,0,5,5,N,N,N,N,N,N,N,N,N,N,N,N,N,N,N,N,N,N,N,N,N,N,N,N,N,N,28.55336037,-81.33695524,467040.390379,3158549.736924,R,,ARBM15Q1R2,"June 10, 2023",3150461,-9054388.784690363,3318921.3895322513
2020898230950,2020,898230950,2020-00127838,COUNTY SHERIFF'S OFFICE,05 FIFTH,ORANGE,"April 17, 2020",1216,SATURDAY,7546 ORLANDO,0746,Y,SR 400,CONROY RD,0,,0,0,28.4934405,-81.4330361,75280000,12.316,03521,SR 400,I 4,R RIGHT,S SIDE OF ROAD,E EAST,01 INTERSTATE URBAN,01 INTERSTATE,01 NON-JUNCTION,01 ON ROADWAY,01 NOT AT INTERSECTION,03 CURB,35,"September 16, 2014",11 URBAN PRIN ART INT.,48,PAVED WARN,10,LAWN,12,,0,64,127500,RCI,5.6,,55,2 POSSIBLE INJURY,31 Q/C COMPLETED - LOC VERIFIED,0 NO,01 NOT AT INTERSECTION/RRX/BRIDGE,01 DAYLIGHT,03 RAIN,02 WET,01 LEVEL,1 STRAIGHT,ONE-WAY TRAFFICWAY,,NO CONTROLS,NOT CODED,8,NONE,NOT CODED,NOT CODED,NONE,NOT CODED,NOT CODED,14 MOTOR VEHICLE IN TRANSPORT,03 ANGLE,01 STRAIGHT AHEAD,OPERATED MV IN CARLESS OR NEGL,NOT CODED,00 NOT CODED,00 NOT CODED,00 NOT CODED,00 NOT CODED,01 NO,1,0,0,0,1,0,1,1,N,N,N,N,Y,Y,N,N,N,N,N,Y,N,N,N,N,N,N,N,N,N,N,N,N,N,N,28.493453995,-81.433051375,457616.611387,3151943.179305,R,,ARBM15Q1R2,"June 10, 2023",3150462,-9065086.160424167,3311331.3803316606
2020898233450,2020,898233450,2020-00132411,COUNTY SHERIFF'S OFFICE,05 FIFTH,ORANGE,"April 22, 2020",0502,THURSDAY,7546 ORLANDO,0746,Y,SR 423,SR 438,0.095,N,0,0,28.5712658,-81.4157297,75190000,4.504,02516,SR 423,,L LEFT,R RIGHT TURN,S SOUTH,33 SUBURBAN 6+LN 2WY DIVD RASD,03 STATE,01 NON-JUNCTION,01 ON ROADWAY,01 NOT AT INTERSECTION,01 PAVED,36,"May 23, 2016",14 URBAN PRIN ART OTHER,36,PAVED,4,LAWN,12,,0,160,43500,RCI,14.2,1D5900,55,2 POSSIBLE INJURY,31 Q/C COMPLETED - LOC VERIFIED,0 NO,01 NOT AT INTERSECTION/RRX/BRIDGE,04 DARK-LIGHTED,01 CLEAR,01 DRY,01 LEVEL,1 STRAIGHT,"TWO-WAY, DIVIDED, UNPROTECTED","TWO-WAY, DIVIDED, UNPROTECTED",NO CONTROLS,NO CONTROLS,6,WORK ZONE (CONST/MNT/UTLTY)NTE,NOT CODED,NOT CODED,NONE,NOT CODED,NOT CODED,14 MOTOR VEHICLE IN TRANSPORT,"04 SIDESWIPE, SAME DIRECTION",06 CHANGING LANES,FAILED TO YIELD RIGHT-OF-WAY,NO CONTRIBUTING ACTION,03 TRANSITION AREA,02 LANE SHIFT/CROSSOVER,01 NO,01 NO,01 NO,1,0,0,0,2,0,2,2,N,Y,N,N,Y,N,N,N,N,N,N,N,N,N,N,N,N,N,N,N,Y,N,N,N,N,N,28.571311347,-81.41604581,459310.905367,3160562.750441,L,,ARBM15Q1R2,"June 10, 2023",3150463,-9063193.109223498,3321196.5799754127
2020898244410,2020,898244410,2020-00195172,COUNTY SHERIFF'S OFFICE,05 FIFTH,ORANGE,"June 19, 2020",1120,SATURDAY,7546 ORLANDO,0746,Y,SR 50,WESTMORELAND DR N,0,,0,0,28.5529805,-81.3933275,75060000,0.139,05078,SR 50,US 17,R RIGHT,2 THRU LANE 2,E EAST,20 URBAN 4-5LN 2WY DIVD RASD,03 STATE,02 INTERSECTION,01 ON ROADWAY,02 FOUR-WAY INTERSECTION,01 PAVED,37,"September 9, 2019",14 URBAN PRIN ART OTHER,22,PAVED,6,CURB&GUTTER,2,,0,12,36000,RCI,4.8,,40,1 NO INJURY,31 Q/C COMPLETED - LOC VERIFIED,0 NO,02 AT INTERSECTION,01 DAYLIGHT,01 CLEAR,01 DRY,01 LEVEL,1 STRAIGHT,"TWO-WAY, NOT DIVIDED","TWO-WAY, NOT DIVIDED",TRAFFIC CONTROL SIGNAL,TRAFFIC CONTROL SIGNAL,4,NONE,NOT CODED,NOT CODED,NONE,NOT CODED,NOT CODED,14 MOTOR VEHICLE IN TRANSPORT,77 OTHER (SEE NARRATIVE),01 STRAIGHT AHEAD,OPERATED MV IN CARLESS OR NEGL,NO CONTRIBUTING ACTION,00 NOT CODED,00 NOT CODED,00 NOT CODED,00 NOT CODED,01 NO,0,0,0,0,3,0,3,3,N,N,N,Y,N,N,N,N,N,N,N,N,N,N,N,N,N,N,N,N,N,Y,N,N,N,Y,28.55299439,-81.39333307,461525.560236,3158525.990374,C,,ARBM15Q1R2,"June 10, 2023",3150473,-9060664.73788194,3318875.0074325693
2020898244450,2020,898244450,2020-00133123,COUNTY SHERIFF'S OFFICE,05 FIFTH,ORANGE,"April 22, 2020",1805,THURSDAY,7546 ORLANDO,0746,Y,SR 552,WOODGATE BLVD,0.028,W,0,0,28.5186363,-81.297134,75012000,2.143,02380,SR 552,,R RIGHT,L LEFT TURN,0,20 URBAN 4-5LN 2WY DIVD RASD,03 STATE,03 INTERSECTION-RELATED,01 ON ROADWAY,01 NOT AT INTERSECTION,03 CURB,36,"February 11, 2020",16 URBAN MINOR ART,22,CURB&GUTTER,2,,0,,0,22,35000,RCI,2.6,,45,2 POSSIBLE INJURY,31 Q/C COMPLETED - LOC VERIFIED,0 NO,03 INFLUENCED BY INTERSECTION,01 DAYLIGHT,01 CLEAR,01 DRY,00 NOT CODED,0 NOT CODED,NOT CODED,"TWO-WAY, DIVIDED, POSITIVE MED",NOT CODED,TRAFFIC CONTROL SIGNAL,4,NONE,NOT CODED,NOT CODED,NONE,NOT CODED,NOT CODED,14 MOTOR VEHICLE IN TRANSPORT,01 FRONT TO REAR,00 NOT CODED,NOT CODED,NO CONTRIBUTING ACTION,00 NOT CODED,00 NOT CODED,00 NOT CODED,00 NOT CODED,01 NO,1,0,0,0,2,0,3,2,N,N,N,Y,N,N,N,N,N,N,N,N,N,N,N,N,N,N,N,N,N,N,N,N,N,N,28.518518352,-81.297063616,470932.888926,3154679.457351,R,,ARBM15Q1R2,"June 10, 2023",3150474,-9049948.068083983,3314506.4562303694
2020898244460,2020,898244460,2020-00194823,COUNTY SHERIFF'S OFFICE,05 FIFTH,ORANGE,"June 18, 2020",2302,FRIDAY,7546 ORLANDO,0746,Y,SEMORAN BLVD,HAZELTINE NATIONAL DR,0.009,S,0,0,28.4632333,-81.3100415,75003000,0.843,01726,SR 436,,R RIGHT,L LEFT TURN,N NORTH,30 URBAN 6+LN 2WY DIVD RASD,03 STATE,01 NON-JUNCTION,01 ON ROADWAY,02 FOUR-WAY INTERSECTION,03 CURB,36,"March 2, 2020",14 URBAN PRIN ART OTHER,36,PAVED,4,CURB&GUTTER,2,,0,32,62183,RCI,2.6,,45,3 NO-INCAPACITATING INJURY,31 Q/C COMPLETED - LOC VERIFIED,0 NO,03 INFLUENCED BY INTERSECTION,04 DARK-LIGHTED,01 CLEAR,01 DRY,01 LEVEL,1 STRAIGHT,"TWO-WAY, DIVIDED, POSITIVE MED","TWO-WAY, DIVIDED, POSITIVE MED",TRAFFIC CONTROL SIGNAL,TRAFFIC CONTROL SIGNAL,6,NONE,NOT CODED,NOT CODED,NONE,NOT CODED,NOT CODED,14 MOTOR VEHICLE IN TRANSPORT,01 FRONT TO REAR,01 STRAIGHT AHEAD,FOLLOWED TOO CLOSELY,NO CONTRIBUTING ACTION,00 NOT CODED,00 NOT CODED,00 NOT CODED,00 NOT CODED,01 NO,1,0,0,0,2,0,2,3,N,N,N,Y,N,N,N,N,N,N,Y,N,N,N,N,N,N,N,N,N,N,N,N,N,N,N,28.463097398,-81.309956701,469655.474371,3148542.894761,R,,ARBM15Q1R2,"June 10, 2023",3150475,-9051383.319812082,3307486.9100228925