Crash Id,Calendar Year,FDOT Crash Number,Reporting Agency Case Number,Reporting Agency Type,FDOT Managing District,County Name,Crash Date,Crash Time,Day,DHSMV City,Crash Report City Code,In Town,On Roadway Name,Int Roadway Name,Reference Distance (Miles),Reference Direction,Officer Latitude,Officer Longitude,FDOT Latitude,FDOT Longitude,FDOT Roadway,Nearest Inventory MP,Nearest Node From Crash,State Road #,US Highway,Crash Side of Road,Accident Lane Number,Travel Direction Vehicle 1,FDOT Road Category,DHSMV Road System Id,Relation to Junction,Crash Harmful Event Location,Intersection Type,Shoulder Type,FDOT Roadway SKID Test Result,FDOT Roadway SKID Test Date,Functional Class,RCI Surface Width,RCI Shoulder Type First,RCI Shoulder Width First,RCI Shoulder Type Second,RCI Shoulder Width Second,RCI Shoulder Type Third,RCI Shoulder Width Third,RCI Median Width,Avg Daily Traffic,AADT Source,RCI Avg Per Truck Traffic,RCI Horiz Curve Condition,Posted Speed Limit,Highest Injury in Crash,CAR Status Code,Alcohols/Drug Involved,Site Location,Lighting,Weather,Road Surface,Roadway Grade,Roadway Alignment,Traffic Way Vehicle 1,Traffic Way Vehicle 2,Traffic Control Vehicle 1,Traffic Control Vehicle 2,Count of Lanes,Road Condition 1,Road Condition 2,Road Condition 3,Environment Condition 1,Environment Condition 2,Environment Condition 3,Crash Harmful Event,Manner of Collision,Vehicle Movement,Driver Action Vehicle 1,Driver Action Vehicle 2,Location Within Workzone,Type of Workzone,Workers Present in Workzone,Law Enforcement Present in Workzone,School Bus Related,Count of Nonfatal Injuries,Count of Traffic Fatalities,Count of Serious Injuries,Count of Pedestrians,Count of Drivers,Count of Bicyclists,Count of Vehicles,Count of Persons,Wrong Way,Workzone Inv,Commercial Vehicle Inv,Intersection Inv,Lane Departure,Speeding,Agressive Driving,Impaired Driver,Impaired Pedestrian,Impaired Bicyclist,Distracted Driver,Speeding or Aggressive Driving,Pedestrian Related,Bicyclist Related,Pedestrian or Bicyclist Related,Motorcycle Inv,No Belt,No Belt - Ages 1-4,No Belt - Ages 5-12,No Belt - Ages 13-17,Driver - Ages Teen,Driver - Ages 65 plus,Driver - Ages 65-69,Driver - Ages 70-74,Driver - Ages 75-79,Driver - Ages 80 plus,ARBM Latitude,ARBM Longitude,UTM Zone 17N X,UTM Zone 17N Y,ARBM Side of Road,Urban Rural Indicator,GIS Street Source,Extract Date,OBJECTID,x,y
2020898249260,2020,898249260,2020-00170265,COUNTY SHERIFF'S OFFICE,08 TURNPIKE,ORANGE,"May 26, 2020",0802,WEDNESDAY,7546 ORLANDO,0746,Y,SR 400,SR 91,0.019,S,0,0,28.4811647,-81.4458818,75470139,0.112,00349,SR 91,,R RIGHT,X RAMP,N NORTH,08 RAMP RURAL,03 STATE,14 ENTRANCE/EXIT RAMP,01 ON ROADWAY,01 NOT AT INTERSECTION,01 PAVED,0,"December 31, 2000",,24,PAVED,10,LAWN,2,,0,,13000,RCI,17.8,,,1 NO INJURY,31 Q/C COMPLETED - LOC VERIFIED,0 NO,07 ENTRANCE RAMP,01 DAYLIGHT,03 RAIN,02 WET,01 LEVEL,1 STRAIGHT,"TWO-WAY, DIVIDED, POSITIVE MED","TWO-WAY, DIVIDED, POSITIVE MED",NO CONTROLS,NO CONTROLS,2,"RD SURFC (WET, ICY, SNOW, ETC)",NOT CODED,NOT CODED,WEATHER CONDITIONS,NOT CODED,NOT CODED,14 MOTOR VEHICLE IN TRANSPORT,"04 SIDESWIPE, SAME DIRECTION",01 STRAIGHT AHEAD,DROVE TOO FAST FOR CONDITIONS,NO CONTRIBUTING ACTION,00 NOT CODED,00 NOT CODED,00 NOT CODED,00 NOT CODED,01 NO,0,0,0,0,2,0,2,2,N,N,Y,N,Y,Y,N,N,N,N,N,Y,N,N,N,N,N,N,N,N,N,N,N,N,N,N,28.481164673,-81.445880207,456355.967033,3150586.3028,O,,ARBM15Q1R2,"June 10, 2023",3151400,-9066514.259905031,3309774.8823256698
2020898249270,2020,898249270,2020-00155571,COUNTY SHERIFF'S OFFICE,05 FIFTH,ORANGE,"May 13, 2020",1213,THURSDAY,7546 ORLANDO,0746,Y,US 441,GORE ST,0.019,N,0,0,28.5313707,-81.3971259,75010000,12.685,00564,SR 500,US 17,L LEFT,D DRIVEWAY,E EAST,21 URBAN 4-5LN 2WY DIVD PAVD,02 U.S.,04 DRIVEWAY/ALLEY ACCESS RELATED,01 ON ROADWAY,01 NOT AT INTERSECTION,03 CURB,35,"March 1, 2020",14 URBAN PRIN ART OTHER,24,CURB&GUTTER,2,,0,,0,16,38000,RCI,9.7,,35,3 NO-INCAPACITATING INJURY,31 Q/C COMPLETED - LOC VERIFIED,0 NO,04 DRIVEWAY ACCESS,01 DAYLIGHT,01 CLEAR,01 DRY,01 LEVEL,1 STRAIGHT,ONE-WAY TRAFFICWAY,,NO CONTROLS,NOT CODED,4,NONE,NOT CODED,NOT CODED,NONE,NOT CODED,NOT CODED,11 PEDALCYCLE,77 OTHER (SEE NARRATIVE),05 TURNING RIGHT,FAILED TO YIELD RIGHT-OF-WAY,NOT CODED,00 NOT CODED,00 NOT CODED,00 NOT CODED,00 NOT CODED,01 NO,1,0,0,0,1,1,1,2,N,N,N,N,N,N,N,N,N,N,N,N,N,Y,Y,N,N,N,N,N,N,Y,Y,N,N,N,28.53136797,-81.397106887,461148.481372,3156131.316337,C,,ARBM15Q1R2,"June 10, 2023",3151401,-9061084.837216292,3316134.498334162
2020898223030,2020,898223030,2020-00157222,COUNTY SHERIFF'S OFFICE,05 FIFTH,ORANGE,"May 15, 2020",2046,SATURDAY,7546 ORLANDO,0746,Y,SR 435,MAJOR BLVD,0.014,S,0,0,28.4773428,-81.458795,75270000,1.941,00119,SR 435,,R RIGHT,2 THRU LANE 2,N NORTH,33 SUBURBAN 6+LN 2WY DIVD RASD,03 STATE,03 INTERSECTION-RELATED,01 ON ROADWAY,02 FOUR-WAY INTERSECTION,01 PAVED,36,"March 3, 2020",14 URBAN PRIN ART OTHER,36,PAVED,5,LAWN,6,,0,40,48000,RCI,6.1,,50,2 POSSIBLE INJURY,31 Q/C COMPLETED - LOC VERIFIED,0 NO,03 INFLUENCED BY INTERSECTION,04 DARK-LIGHTED,01 CLEAR,01 DRY,01 LEVEL,1 STRAIGHT,"TWO-WAY, DIVIDED, POSITIVE MED","TWO-WAY, DIVIDED, POSITIVE MED",TRAFFIC CONTROL SIGNAL,TRAFFIC CONTROL SIGNAL,6,NONE,NOT CODED,NOT CODED,NONE,NOT CODED,NOT CODED,14 MOTOR VEHICLE IN TRANSPORT,01 FRONT TO REAR,01 STRAIGHT AHEAD,NO CONTRIBUTING ACTION,NOT CODED,00 NOT CODED,00 NOT CODED,00 NOT CODED,00 NOT CODED,01 NO,1,0,0,0,1,0,2,1,N,N,N,Y,N,N,N,N,N,N,N,N,N,N,N,N,N,N,N,N,N,N,N,N,N,N,28.477723401,-81.458667234,455102.866395,3150209.773685,R,,ARBM15Q1R2,"June 10, 2023",3151405,-9067937.70556791,3309339.062256641
2020898225290,2020,898225290,2020-00142977,COUNTY SHERIFF'S OFFICE,05 FIFTH,ORANGE,"May 2, 2020",1658,SUNDAY,7546 ORLANDO,0746,Y,SR 436,LAKE MARGARET DR,0,,0,0,28.5060427,-81.3102651,75003000,3.788,02621,SR 436,,R RIGHT,3 THRU LANE 3,N NORTH,30 URBAN 6+LN 2WY DIVD RASD,03 STATE,01 NON-JUNCTION,01 ON ROADWAY,04 Y-INTERSECTION,01 PAVED,38,"March 2, 2020",14 URBAN PRIN ART OTHER,36,PAVED,4,CURB&GUTTER,2,,0,32,65000,RCI,5.2,,50,1 NO INJURY,31 Q/C COMPLETED - LOC VERIFIED,0 NO,02 AT INTERSECTION,01 DAYLIGHT,01 CLEAR,01 DRY,01 LEVEL,1 STRAIGHT,"TWO-WAY, DIVIDED, POSITIVE MED","TWO-WAY, DIVIDED, POSITIVE MED",NO CONTROLS,NO CONTROLS,6,NONE,NOT CODED,NOT CODED,NONE,NOT CODED,NOT CODED,14 MOTOR VEHICLE IN TRANSPORT,01 FRONT TO REAR,01 STRAIGHT AHEAD,FOLLOWED TOO CLOSELY,NO CONTRIBUTING ACTION,00 NOT CODED,00 NOT CODED,00 NOT CODED,00 NOT CODED,01 NO,0,0,0,0,2,0,2,2,N,N,Y,Y,N,N,N,N,N,N,N,N,N,N,N,N,N,N,N,N,N,N,N,N,N,N,28.50597912,-81.310158427,469647.990214,3153293.548792,R,,ARBM15Q1R2,"June 10, 2023",3151408,-9051405.776110929,3312917.9306444186
2020898206910,2020,898206910,2020-00127104,COUNTY SHERIFF'S OFFICE,05 FIFTH,ORANGE,"April 17, 2020",1625,SATURDAY,7546 ORLANDO,0746,Y,COLONIAL DR,WESTMORELAND DR,0.009,E,0,0,28.5529815,-81.3931798,75060000,0.148,05078,SR 50,US 17,L LEFT,L LEFT TURN,0,20 URBAN 4-5LN 2WY DIVD RASD,03 STATE,01 NON-JUNCTION,01 ON ROADWAY,01 NOT AT INTERSECTION,01 PAVED,37,"September 9, 2019",14 URBAN PRIN ART OTHER,22,PAVED,6,CURB&GUTTER,2,,0,12,36000,RCI,4.8,,40,1 NO INJURY,31 Q/C COMPLETED - LOC VERIFIED,0 NO,03 INFLUENCED BY INTERSECTION,01 DAYLIGHT,01 CLEAR,01 DRY,00 NOT CODED,0 NOT CODED,NOT CODED,"TWO-WAY, NOT DIVIDED",NOT CODED,NO CONTROLS,4,NONE,NOT CODED,NOT CODED,NONE,NOT CODED,NOT CODED,14 MOTOR VEHICLE IN TRANSPORT,"04 SIDESWIPE, SAME DIRECTION",00 NOT CODED,NOT CODED,NO CONTRIBUTING ACTION,00 NOT CODED,00 NOT CODED,00 NOT CODED,00 NOT CODED,01 NO,0,0,0,0,1,0,2,1,N,N,N,Y,N,N,N,N,N,N,N,N,N,N,N,N,N,N,N,N,N,N,N,N,N,N,28.552995304,-81.393185178,461540.026966,3158526.044176,C,,ARBM15Q1R2,"June 10, 2023",3151420,-9060648.27452969,3318875.123269709
2020898262850,2020,898262850,2020-00189590,COUNTY SHERIFF'S OFFICE,05 FIFTH,ORANGE,"June 14, 2020",0100,MONDAY,7546 ORLANDO,0746,Y,ROSALIND AVE,ROBINSON ST,0,S,0,0,28.5456771,-81.3760719,75030000,1.414,00932,SR 526,,R RIGHT,3 THRU LANE 3,N NORTH,22 URBAN 4-5LN 2WY UNDIVD,05 LOCAL,01 NON-JUNCTION,01 ON ROADWAY,01 NOT AT INTERSECTION,01 PAVED,35,"March 1, 2020",16 URBAN MINOR ART,44,RAISED CURB,2,,0,,0,,18500,RCI,2.9,,30,3 NO-INCAPACITATING INJURY,31 Q/C COMPLETED - LOC VERIFIED,0 NO,03 INFLUENCED BY INTERSECTION,04 DARK-LIGHTED,01 CLEAR,01 DRY,01 LEVEL,1 STRAIGHT,ONE-WAY TRAFFICWAY,ONE-WAY TRAFFICWAY,NO CONTROLS,NO CONTROLS,4,NONE,NOT CODED,NOT CODED,NONE,NOT CODED,NOT CODED,14 MOTOR VEHICLE IN TRANSPORT,"04 SIDESWIPE, SAME DIRECTION",05 TURNING RIGHT,IMPROPER TURN,NO CONTRIBUTING ACTION,00 NOT CODED,00 NOT CODED,00 NOT CODED,00 NOT CODED,01 NO,1,0,0,0,2,0,2,2,N,N,N,Y,N,N,N,N,N,N,N,N,N,N,N,Y,N,N,N,N,N,N,N,N,N,N,28.545671547,-81.376073672,463211.281759,3157709.308494,C,,ARBM15Q1R2,"June 10, 2023",3151490,-9058743.42979207,3317946.990700043
2020898265930,2020,898265930,2020-00200221,COUNTY SHERIFF'S OFFICE,05 FIFTH,ORANGE,"June 24, 2020",1143,THURSDAY,7546 ORLANDO,0746,Y,I 4,SR 423,0.047,W,0,0,28.6051376,-81.3860158,75280100,0.267,06228,SR 400,I 4,R RIGHT,X RAMP,E EAST,08 RAMP RURAL,01 INTERSTATE,14 ENTRANCE/EXIT RAMP,01 ON ROADWAY,01 NOT AT INTERSECTION,02 UNPAVED,0,"December 31, 2000",,46,PAVED,1,LAWN,10,,0,,12500,RCI,11.4,,,2 POSSIBLE INJURY,31 Q/C COMPLETED - LOC VERIFIED,0 NO,08 EXIT RAMP,01 DAYLIGHT,02 CLOUDY,01 DRY,01 LEVEL,1 STRAIGHT,ONE-WAY TRAFFICWAY,ONE-WAY TRAFFICWAY,TRAFFIC CONTROL SIGNAL,TRAFFIC CONTROL SIGNAL,4,NONE,NOT CODED,NOT CODED,NONE,NOT CODED,NOT CODED,14 MOTOR VEHICLE IN TRANSPORT,01 FRONT TO REAR,14 SLOWING,FOLLOWED TOO CLOSELY,NO CONTRIBUTING ACTION,00 NOT CODED,00 NOT CODED,00 NOT CODED,00 NOT CODED,01 NO,1,0,0,0,2,0,2,2,N,N,N,N,N,N,N,N,N,N,N,N,N,N,N,N,N,N,N,N,Y,N,N,N,N,N,28.604993781,-81.386008937,462260.553244,3164284.460327,O,,ARBM15Q1R2,"June 10, 2023",3151491,-9059849.419080205,3325466.696943233
2020898476880,2020,898476880,2020TA003837,COUNTY SHERIFF'S OFFICE,05 FIFTH,ORANGE,"March 31, 2020",0657,WEDNESDAY,7554 WINTER PARK,0754,Y,ALOMA AVE,ST ANDREWS BLVD,0.075,W,28.601023,-81.32228,28.6009482,-81.3223295,75090000,2.004,03057,SR 426,,L LEFT,1 THRU LANE 1,W WEST,20 URBAN 4-5LN 2WY DIVD RASD,03 STATE,01 NON-JUNCTION,01 ON ROADWAY,77 OTHER (SEE NARRATIVE),03 CURB,41,"February 11, 2020",14 URBAN PRIN ART OTHER,26,CURB&GUTTER,2,,0,,0,19,41000,RCI,3.6,,35,5 FATAL(WITHIN 30 DAYS) INJURY,31 Q/C COMPLETED - LOC VERIFIED,0 NO,04 DRIVEWAY ACCESS,03 DAWN,01 CLEAR,01 DRY,01 LEVEL,1 STRAIGHT,"TWO-WAY, DIVIDED, POSITIVE MED","TWO-WAY, DIVIDED, POSITIVE MED",NO CONTROLS,NO CONTROLS,4,NONE,NOT CODED,NOT CODED,NONE,NOT CODED,NOT CODED,14 MOTOR VEHICLE IN TRANSPORT,03 ANGLE,01 STRAIGHT AHEAD,OTHER CONTRIBUTING ACTION,OTHER CONTRIBUTING ACTION,00 NOT CODED,00 NOT CODED,00 NOT CODED,00 NOT CODED,01 NO,0,1,0,0,2,0,2,2,N,N,N,N,N,Y,N,N,N,N,N,Y,N,N,N,Y,N,N,N,N,N,Y,N,Y,N,N,28.601015069,-81.322315334,468486.62227,3163825.246066,L,,ARBM15Q1R2,"June 10, 2023",3151494,-9052759.077532692,3324962.2216715943
2020898236280,2020,898236280,2020-00120462,COUNTY SHERIFF'S OFFICE,05 FIFTH,ORANGE,"April 9, 2020",1415,FRIDAY,7546 ORLANDO,0746,Y,US 441,LAKE BREEZE RD,0,,0,0,28.5963404,-81.4160085,75020000,3.288,00600,SR 500,US 441,L LEFT,1 THRU LANE 1,E EAST,23 SUBURBAN 4-5LN 2WY DIVD RASD,02 U.S.,01 NON-JUNCTION,01 ON ROADWAY,01 NOT AT INTERSECTION,01 PAVED,41,"January 22, 2020",14 URBAN PRIN ART OTHER,23,PAVED,2,LAWN,10,,0,40,34000,RCI,4.6,,50,3 NO-INCAPACITATING INJURY,31 Q/C COMPLETED - LOC VERIFIED,0 NO,02 AT INTERSECTION,01 DAYLIGHT,02 CLOUDY,01 DRY,01 LEVEL,1 STRAIGHT,"TWO-WAY, NOT DIVIDED","TWO-WAY, DIVIDED, POSITIVE MED",STOP SIGN,NO CONTROLS,4,NONE,NOT CODED,NOT CODED,NONE,NOT CODED,NOT CODED,14 MOTOR VEHICLE IN TRANSPORT,03 ANGLE,01 STRAIGHT AHEAD,RAN STOP SIGN,NO CONTRIBUTING ACTION,00 NOT CODED,00 NOT CODED,00 NOT CODED,00 NOT CODED,01 NO,1,0,0,0,2,0,2,2,N,N,Y,Y,N,N,N,N,N,N,N,N,N,N,N,N,N,N,N,N,N,Y,Y,N,N,N,28.596336062,-81.416140839,459311.24553,3163335.175641,L,,ARBM15Q1R2,"June 10, 2023",3151510,-9063203.688036868,3324368.9771691724
2020898234040,2020,898234040,2020-00175023,COUNTY SHERIFF'S OFFICE,05 FIFTH,ORANGE,"May 30, 2020",1956,SUNDAY,7546 ORLANDO,0746,Y,GRANT ST,SR 436,0,,0,0,28.5174093,-81.3103431,75003000,4.57,00852,SR 436,,S SIDE RD RIGHT,R RIGHT TURN,E EAST,30 URBAN 6+LN 2WY DIVD RASD,05 LOCAL,02 INTERSECTION,01 ON ROADWAY,02 FOUR-WAY INTERSECTION,01 PAVED,38,"March 2, 2020",14 URBAN PRIN ART OTHER,36,PAVED,4,CURB&GUTTER,2,,0,32,65000,RCI,5.2,,45,2 POSSIBLE INJURY,31 Q/C COMPLETED - LOC VERIFIED,0 NO,02 AT INTERSECTION,02 DUSK,01 CLEAR,01 DRY,01 LEVEL,1 STRAIGHT,"TWO-WAY, DIVIDED, POSITIVE MED","TWO-WAY, DIVIDED, POSITIVE MED",TRAFFIC CONTROL SIGNAL,TRAFFIC CONTROL SIGNAL,6,NONE,NOT CODED,NOT CODED,NONE,NOT CODED,NOT CODED,14 MOTOR VEHICLE IN TRANSPORT,01 FRONT TO REAR,05 TURNING RIGHT,OPERATED MV IN CARLESS OR NEGL,NO CONTRIBUTING ACTION,00 NOT CODED,00 NOT CODED,00 NOT CODED,00 NOT CODED,01 NO,1,0,0,0,2,0,2,2,N,N,N,Y,N,N,N,N,N,N,Y,N,N,N,N,N,N,N,N,N,N,N,N,N,N,N,28.517365716,-81.310246912,469642.591549,3154555.027353,R,,ARBM15Q1R2,"June 10, 2023",3151521,-9051415.626329863,3314360.427276652
2020898236720,2020,898236720,2020-00130921,COUNTY SHERIFF'S OFFICE,05 FIFTH,ORANGE,"April 20, 2020",1802,TUESDAY,7546 ORLANDO,0746,Y,I 4,PRINCETON ST,0,,0,0,28.5715811,-81.3756597,75280000,19.681,01340,SR 400,I 4,L LEFT,3 THRU LANE 3,W WEST,01 INTERSTATE URBAN,03 STATE,01 NON-JUNCTION,01 ON ROADWAY,01 NOT AT INTERSECTION,01 PAVED,25,"September 16, 2014",11 URBAN PRIN ART INT.,48,PAVED,10,CURB&GUTTER,2,,0,18,148500,RCI,7.5,,50,1 NO INJURY,31 Q/C COMPLETED - LOC VERIFIED,0 NO,01 NOT AT INTERSECTION/RRX/BRIDGE,01 DAYLIGHT,01 CLEAR,01 DRY,01 LEVEL,1 STRAIGHT,"TWO-WAY, DIVIDED, POSITIVE MED","TWO-WAY, DIVIDED, POSITIVE MED",NO CONTROLS,NO CONTROLS,8,NONE,NOT CODED,NOT CODED,NONE,NOT CODED,NOT CODED,14 MOTOR VEHICLE IN TRANSPORT,01 FRONT TO REAR,01 STRAIGHT AHEAD,FOLLOWED TOO CLOSELY,NO CONTRIBUTING ACTION,00 NOT CODED,00 NOT CODED,00 NOT CODED,00 NOT CODED,01 NO,0,0,0,0,2,0,2,2,N,N,N,N,N,N,N,N,N,N,N,N,N,N,N,N,N,N,N,N,N,N,N,N,N,N,28.571655261,-81.375858473,463241.360961,3160587.861055,L,,ARBM15Q1R2,"June 10, 2023",3151522,-9058719.474071072,3321240.1732614506
2020898236820,2020,898236820,2020-00163274,COUNTY SHERIFF'S OFFICE,05 FIFTH,ORANGE,"May 20, 2020",2312,THURSDAY,7546 ORLANDO,0746,Y,I 4,KALEY AVE,0.047,N,0,0,0,0,75280000,16.07,04292,SR 400,I 4,M MEDIAN,M MIDDLE,N NORTH,01 INTERSTATE URBAN,01 INTERSTATE,01 NON-JUNCTION,01 ON ROADWAY,01 NOT AT INTERSECTION,01 PAVED,27,"September 16, 2014",11 URBAN PRIN ART INT.,48,PAVED,10,LAWN,2,,0,18,167000,RCI,6.8,,50,1 NO INJURY,31 Q/C COMPLETED - LOC VERIFIED,0 NO,01 NOT AT INTERSECTION/RRX/BRIDGE,04 DARK-LIGHTED,01 CLEAR,01 DRY,03 UPHILL,3 CURVE LEFT,ONE-WAY TRAFFICWAY,,NO CONTROLS,NOT CODED,8,NONE,NOT CODED,NOT CODED,NONE,NOT CODED,NOT CODED,30 CONCRETE TRAFFIC BARRIER,"04 SIDESWIPE, SAME DIRECTION",01 STRAIGHT AHEAD,OPERATED MV IN CARLESS OR NEGL,NOT CODED,00 NOT CODED,00 NOT CODED,00 NOT CODED,00 NOT CODED,01 NO,0,0,0,0,1,0,1,2,N,N,N,N,Y,N,N,N,N,N,Y,N,N,N,N,N,N,N,N,N,Y,N,N,N,N,N,28.521229488,-81.386102364,462221.518957,3155004.60946,R,,ARBM15Q1R2,"June 10, 2023",3151524,-9059859.818894265,3314849.9395453567
2020898226330,2020,898226330,2020-00145023,COUNTY SHERIFF'S OFFICE,05 FIFTH,ORANGE,"May 4, 2020",1156,TUESDAY,7546 ORLANDO,0746,Y,CRYSTAL LAKE DR,SOUTH ST,0,,0,0,28.5387383,-81.3434089,75080000,17.752,06505,SR 15,,S SIDE RD RIGHT,1 THRU LANE 1,N NORTH,40 URBAN ONE WAY,05 LOCAL,02 INTERSECTION,01 ON ROADWAY,02 FOUR-WAY INTERSECTION,01 PAVED,43,"April 1, 2018",17 URBAN MAJOR COLLECTOR,23,CURB&GUTTER,2,,0,,0,,16000,RCI,10.1,,30,2 POSSIBLE INJURY,31 Q/C COMPLETED - LOC VERIFIED,0 NO,02 AT INTERSECTION,01 DAYLIGHT,01 CLEAR,01 DRY,01 LEVEL,1 STRAIGHT,"TWO-WAY, DIVIDED, POSITIVE MED",ONE-WAY TRAFFICWAY,TRAFFIC CONTROL SIGNAL,TRAFFIC CONTROL SIGNAL,2,NONE,NOT CODED,NOT CODED,NONE,NOT CODED,NOT CODED,14 MOTOR VEHICLE IN TRANSPORT,"05 SIDESWIPE, OPPOSITE DIRECTION",01 STRAIGHT AHEAD,RAN RED LIGHT,NO CONTRIBUTING ACTION,00 NOT CODED,00 NOT CODED,00 NOT CODED,00 NOT CODED,01 NO,1,0,0,0,2,0,2,2,N,N,N,Y,N,N,N,N,N,N,N,N,N,N,N,N,N,N,N,N,N,N,N,N,N,N,28.538727881,-81.343427205,466402.681349,3156930.472168,O,,ARBM15Q1R2,"June 10, 2023",3151543,-9055109.240801549,3317067.086414024
2020898228670,2020,898228670,2020-00167957,COUNTY SHERIFF'S OFFICE,05 FIFTH,ORANGE,"May 24, 2020",0915,MONDAY,7546 ORLANDO,0746,Y,I 4,MM 79,0.057,S,0,0,0,0,75280000,13.473,04265,SR 400,I 4,R RIGHT,S SIDE OF ROAD,E EAST,01 INTERSTATE URBAN,01 INTERSTATE,01 NON-JUNCTION,01 ON ROADWAY,01 NOT AT INTERSECTION,01 PAVED,35,"September 16, 2014",11 URBAN PRIN ART INT.,36,PAVED WARN,12,LAWN,12,,0,142,127500,RCI,5.6,2D0000,55,1 NO INJURY,31 Q/C COMPLETED - LOC VERIFIED,0 NO,01 NOT AT INTERSECTION/RRX/BRIDGE,01 DAYLIGHT,03 RAIN,02 WET,01 LEVEL,1 STRAIGHT,"TWO-WAY, DIVIDED, POSITIVE MED",,NO CONTROLS,NOT CODED,6,"RD SURFC (WET, ICY, SNOW, ETC)",NOT CODED,NOT CODED,NONE,NOT CODED,NOT CODED,14 MOTOR VEHICLE IN TRANSPORT,77 OTHER (SEE NARRATIVE),01 STRAIGHT AHEAD,SWERVED OR AVOIDED:  DUE TO WI,NOT CODED,00 NOT CODED,00 NOT CODED,00 NOT CODED,00 NOT CODED,01 NO,0,0,0,0,1,0,1,1,N,N,N,N,Y,N,N,N,N,N,N,N,N,N,N,N,N,N,N,N,N,N,N,N,N,N,28.506694708,-81.421300034,458771.8911,3153405.959137,R,,ARBM15Q1R2,"June 10, 2023",3151545,-9063778.00676832,3313008.578945168
2020898255580,2020,898255580,2020-00202119,COUNTY SHERIFF'S OFFICE,05 FIFTH,ORANGE,"June 26, 2020",0719,SATURDAY,7546 ORLANDO,0746,Y,I 4,MM 77,0,,0,0,28.4849213,-81.4416208,75280000,11.53,00350,SR 400,I 4,L LEFT,5 THRU LANE 5,W WEST,01 INTERSTATE URBAN,01 INTERSTATE,01 NON-JUNCTION,01 ON ROADWAY,01 NOT AT INTERSECTION,03 CURB,35,"September 16, 2014",11 URBAN PRIN ART INT.,48,PAVED WARN,10,LAWN,12,,0,64,178000,RCI,5.6,,55,2 POSSIBLE INJURY,31 Q/C COMPLETED - LOC VERIFIED,0 NO,01 NOT AT INTERSECTION/RRX/BRIDGE,01 DAYLIGHT,01 CLEAR,01 DRY,01 LEVEL,1 STRAIGHT,"TWO-WAY, DIVIDED, POSITIVE MED","TWO-WAY, DIVIDED, POSITIVE MED",NO CONTROLS,NO CONTROLS,8,NONE,NOT CODED,NOT CODED,NONE,NOT CODED,NOT CODED,14 MOTOR VEHICLE IN TRANSPORT,01 FRONT TO REAR,01 STRAIGHT AHEAD,OPERATED MV IN CARLESS OR NEGL,NO CONTRIBUTING ACTION,00 NOT CODED,00 NOT CODED,00 NOT CODED,00 NOT CODED,01 NO,1,0,0,0,2,0,2,2,N,N,Y,N,N,N,N,N,N,N,N,N,N,N,N,N,N,N,N,N,N,N,N,N,N,N,28.485121905,-81.441878206,456749.311103,3151023.256562,L,,ARBM15Q1R2,"June 10, 2023",3151556,-9066068.75904393,3310276.0638219486
2020898255680,2020,898255680,2020-00192420,COUNTY SHERIFF'S OFFICE,05 FIFTH,ORANGE,"June 16, 2020",1438,WEDNESDAY,7546 ORLANDO,0746,Y,CENTRAL BLVD,ORANGE BLOSSOM TRL,0,,0,0,28.5419639,-81.397275,75010000,13.415,00576,SR 500,US 17,S SIDE RD RIGHT,1 THRU LANE 1,N NORTH,21 URBAN 4-5LN 2WY DIVD PAVD,03 STATE,02 INTERSECTION,01 ON ROADWAY,02 FOUR-WAY INTERSECTION,01 PAVED,38,"March 1, 2020",14 URBAN PRIN ART OTHER,24,CURB&GUTTER,2,,0,,0,12,38000,RCI,9.7,,35,2 POSSIBLE INJURY,31 Q/C COMPLETED - LOC VERIFIED,0 NO,02 AT INTERSECTION,01 DAYLIGHT,01 CLEAR,01 DRY,01 LEVEL,1 STRAIGHT,"TWO-WAY, NOT DIVIDED","TWO-WAY, NOT DIVIDED",NO CONTROLS,NO CONTROLS,4,NONE,NOT CODED,NOT CODED,NONE,NOT CODED,NOT CODED,14 MOTOR VEHICLE IN TRANSPORT,03 ANGLE,01 STRAIGHT AHEAD,RAN RED LIGHT,NO CONTRIBUTING ACTION,00 NOT CODED,00 NOT CODED,00 NOT CODED,00 NOT CODED,01 NO,1,0,0,0,2,0,2,3,N,N,N,Y,N,N,N,N,N,N,N,N,N,N,N,N,N,N,N,N,N,N,N,N,N,N,28.541970983,-81.397276315,461135.795961,3157306.029155,C,,ARBM15Q1R2,"June 10, 2023",3151558,-9061103.6979456,3317478.046448138