Crash Id,Calendar Year,FDOT Crash Number,Reporting Agency Case Number,Reporting Agency Type,FDOT Managing District,County Name,Crash Date,Crash Time,Day,DHSMV City,Crash Report City Code,In Town,On Roadway Name,Int Roadway Name,Reference Distance (Miles),Reference Direction,Officer Latitude,Officer Longitude,FDOT Latitude,FDOT Longitude,FDOT Roadway,Nearest Inventory MP,Nearest Node From Crash,State Road #,US Highway,Crash Side of Road,Accident Lane Number,Travel Direction Vehicle 1,FDOT Road Category,DHSMV Road System Id,Relation to Junction,Crash Harmful Event Location,Intersection Type,Shoulder Type,FDOT Roadway SKID Test Result,FDOT Roadway SKID Test Date,Functional Class,RCI Surface Width,RCI Shoulder Type First,RCI Shoulder Width First,RCI Shoulder Type Second,RCI Shoulder Width Second,RCI Shoulder Type Third,RCI Shoulder Width Third,RCI Median Width,Avg Daily Traffic,AADT Source,RCI Avg Per Truck Traffic,RCI Horiz Curve Condition,Posted Speed Limit,Highest Injury in Crash,CAR Status Code,Alcohols/Drug Involved,Site Location,Lighting,Weather,Road Surface,Roadway Grade,Roadway Alignment,Traffic Way Vehicle 1,Traffic Way Vehicle 2,Traffic Control Vehicle 1,Traffic Control Vehicle 2,Count of Lanes,Road Condition 1,Road Condition 2,Road Condition 3,Environment Condition 1,Environment Condition 2,Environment Condition 3,Crash Harmful Event,Manner of Collision,Vehicle Movement,Driver Action Vehicle 1,Driver Action Vehicle 2,Location Within Workzone,Type of Workzone,Workers Present in Workzone,Law Enforcement Present in Workzone,School Bus Related,Count of Nonfatal Injuries,Count of Traffic Fatalities,Count of Serious Injuries,Count of Pedestrians,Count of Drivers,Count of Bicyclists,Count of Vehicles,Count of Persons,Wrong Way,Workzone Inv,Commercial Vehicle Inv,Intersection Inv,Lane Departure,Speeding,Agressive Driving,Impaired Driver,Impaired Pedestrian,Impaired Bicyclist,Distracted Driver,Speeding or Aggressive Driving,Pedestrian Related,Bicyclist Related,Pedestrian or Bicyclist Related,Motorcycle Inv,No Belt,No Belt - Ages 1-4,No Belt - Ages 5-12,No Belt - Ages 13-17,Driver - Ages Teen,Driver - Ages 65 plus,Driver - Ages 65-69,Driver - Ages 70-74,Driver - Ages 75-79,Driver - Ages 80 plus,ARBM Latitude,ARBM Longitude,UTM Zone 17N X,UTM Zone 17N Y,ARBM Side of Road,Urban Rural Indicator,GIS Street Source,Extract Date,OBJECTID,x,y
2020898238570,2020,898238570,2020-00119626,COUNTY SHERIFF'S OFFICE,05 FIFTH,ORANGE,"April 8, 2020",1653,THURSDAY,7546 ORLANDO,0746,Y,I 4,IVANHOE BLVD,0.038,N,0,0,28.5621762,-81.3783669,75280000,18.995,00382,SR 400,I 4,M MEDIAN,M MIDDLE,W WEST,01 INTERSTATE URBAN,01 INTERSTATE,01 NON-JUNCTION,01 ON ROADWAY,01 NOT AT INTERSECTION,01 PAVED,25,"September 16, 2014",11 URBAN PRIN ART INT.,60,PAVED WARN,10,CURB&GUTTER,2,,0,30,170500,RCI,6.8,,50,2 POSSIBLE INJURY,31 Q/C COMPLETED - LOC VERIFIED,0 NO,01 NOT AT INTERSECTION/RRX/BRIDGE,01 DAYLIGHT,01 CLEAR,01 DRY,01 LEVEL,1 STRAIGHT,"TWO-WAY, DIVIDED, POSITIVE MED",,NO CONTROLS,NOT CODED,8,NONE,NOT CODED,NOT CODED,NONE,NOT CODED,NOT CODED,30 CONCRETE TRAFFIC BARRIER,77 OTHER (SEE NARRATIVE),11 OVERTAKING/PASSING,"OPER MV AGRSIVE, ERATIC, RCKLS",NOT CODED,00 NOT CODED,00 NOT CODED,00 NOT CODED,00 NOT CODED,01 NO,1,0,0,0,1,0,1,1,N,N,N,N,Y,N,Y,N,N,N,N,Y,N,N,N,N,N,N,N,N,N,N,N,N,N,N,28.562197234,-81.378369055,462992.517352,3159540.820316,R,,ARBM15Q1R2,"June 10, 2023",3153034,-9058998.950830959,3320041.366307141
2020898238590,2020,898238590,2020-00133094,COUNTY SHERIFF'S OFFICE,05 FIFTH,ORANGE,"April 22, 2020",1741,THURSDAY,7546 ORLANDO,0746,Y,CURRY FORD RD,BOWEN DR,0,,0,0,28.5220076,-81.3062458,75012000,1.541,06814,SR 552,,L LEFT,2 THRU LANE 2,W WEST,20 URBAN 4-5LN 2WY DIVD RASD,05 LOCAL,01 NON-JUNCTION,01 ON ROADWAY,01 NOT AT INTERSECTION,01 PAVED,36,"February 11, 2020",16 URBAN MINOR ART,22,CURB&GUTTER,2,,0,,0,22,35000,RCI,2.6,,45,2 POSSIBLE INJURY,31 Q/C COMPLETED - LOC VERIFIED,0 NO,02 AT INTERSECTION,01 DAYLIGHT,01 CLEAR,01 DRY,01 LEVEL,1 STRAIGHT,"TWO-WAY, DIVIDED, POSITIVE MED","TWO-WAY, DIVIDED, POSITIVE MED",NO CONTROLS,NO CONTROLS,4,NONE,NONE,NONE,NONE,NONE,NONE,14 MOTOR VEHICLE IN TRANSPORT,"04 SIDESWIPE, SAME DIRECTION",01 STRAIGHT AHEAD,OPERATED MV IN CARLESS OR NEGL,NO CONTRIBUTING ACTION,00 NOT CODED,00 NOT CODED,00 NOT CODED,00 NOT CODED,01 NO,1,0,0,0,2,0,2,2,N,N,N,Y,N,N,N,N,N,N,Y,N,N,N,N,N,N,N,N,N,N,N,N,N,N,N,28.52205089,-81.306213572,470038.577167,3155073.05799,L,,ARBM15Q1R2,"June 10, 2023",3153035,-9050966.636754582,3314954.007858289
2020898238630,2020,898238630,2020-00136459,COUNTY SHERIFF'S OFFICE,05 FIFTH,ORANGE,"April 26, 2020",1517,MONDAY,7546 ORLANDO,0746,Y,SR 50,COLONIAL LANDING,0.009,W,0,0,28.5533687,-81.3405995,75060000,3.344,05123,SR 50,,R RIGHT,1 THRU LANE 1,E EAST,30 URBAN 6+LN 2WY DIVD RASD,03 STATE,01 NON-JUNCTION,01 ON ROADWAY,01 NOT AT INTERSECTION,01 PAVED,34,"September 9, 2019",14 URBAN PRIN ART OTHER,36,CURB&GUTTER,2,,0,,0,20,50500,RCI,3.5,,40,2 POSSIBLE INJURY,31 Q/C COMPLETED - LOC VERIFIED,0 NO,03 INFLUENCED BY INTERSECTION,01 DAYLIGHT,01 CLEAR,01 DRY,01 LEVEL,1 STRAIGHT,"TWO-WAY, DIVIDED, POSITIVE MED","TWO-WAY, DIVIDED, POSITIVE MED",TRAFFIC CONTROL SIGNAL,TRAFFIC CONTROL SIGNAL,6,NONE,NOT CODED,NOT CODED,NONE,NOT CODED,NOT CODED,14 MOTOR VEHICLE IN TRANSPORT,01 FRONT TO REAR,01 STRAIGHT AHEAD,OPERATED MV IN CARLESS OR NEGL,NO CONTRIBUTING ACTION,00 NOT CODED,00 NOT CODED,00 NOT CODED,00 NOT CODED,01 NO,1,0,0,0,2,0,2,2,N,N,N,Y,N,N,N,N,N,N,Y,N,N,N,N,N,N,N,N,N,N,N,N,N,N,N,28.553291633,-81.340654889,466678.4816,3158543.144664,R,,ARBM15Q1R2,"June 10, 2023",3153036,-9054800.627872996,3318912.6782043497
2020898252100,2020,898252100,2020-00189283,COUNTY SHERIFF'S OFFICE,05 FIFTH,ORANGE,"June 13, 2020",1725,SUNDAY,7546 ORLANDO,0746,Y,SR 50,MAGUIRE BLVD,0,,0,0,28.5533124,-81.3446414,75060000,3.098,05122,SR 50,,R RIGHT,L LEFT TURN,0,30 URBAN 6+LN 2WY DIVD RASD,03 STATE,01 NON-JUNCTION,01 ON ROADWAY,02 FOUR-WAY INTERSECTION,03 CURB,34,"September 9, 2019",14 URBAN PRIN ART OTHER,36,CURB&GUTTER,2,,0,,0,20,50500,RCI,3.5,,40,1 NO INJURY,31 Q/C COMPLETED - LOC VERIFIED,0 NO,02 AT INTERSECTION,01 DAYLIGHT,03 RAIN,02 WET,00 NOT CODED,0 NOT CODED,NOT CODED,"TWO-WAY, DIVIDED, POSITIVE MED",NOT CODED,TRAFFIC CONTROL SIGNAL,6,NONE,NOT CODED,NOT CODED,NONE,NOT CODED,NOT CODED,14 MOTOR VEHICLE IN TRANSPORT,01 FRONT TO REAR,00 NOT CODED,NOT CODED,NO CONTRIBUTING ACTION,00 NOT CODED,00 NOT CODED,00 NOT CODED,00 NOT CODED,01 NO,0,0,0,0,1,0,2,2,N,N,N,Y,N,N,N,N,N,N,N,N,N,N,N,N,N,N,N,N,N,N,N,N,N,N,28.553224913,-81.344702096,466282.575879,3158536.884817,R,,ARBM15Q1R2,"June 10, 2023",3153041,-9055251.161039846,3318904.222464516
2020898252110,2020,898252110,2020-00193713,COUNTY SHERIFF'S OFFICE,05 FIFTH,ORANGE,"June 17, 2020",1730,THURSDAY,7546 ORLANDO,0746,Y,COLONIAL DR,ORANGE AVE,0.028,E,0,0,28.5461453,-81.6567589,75050000,0.031,03536,SR 50,,L LEFT,1 THRU LANE 1,E EAST,30 URBAN 6+LN 2WY DIVD RASD,03 STATE,01 NON-JUNCTION,01 ON ROADWAY,02 FOUR-WAY INTERSECTION,03 CURB,41,"April 1, 2018",14 URBAN PRIN ART OTHER,36,PAVED,4,CURB&GUTTER,2,,0,23,57500,RCI,4.6,,50,2 POSSIBLE INJURY,31 Q/C COMPLETED - LOC VERIFIED,0 NO,03 INFLUENCED BY INTERSECTION,01 DAYLIGHT,01 CLEAR,02 WET,01 LEVEL,1 STRAIGHT,"TWO-WAY, NOT DIV, W/CONT LTURN","TWO-WAY, NOT DIV, W/CONT LTURN",TRAFFIC CONTROL SIGNAL,NO CONTROLS,6,NONE,NOT CODED,NOT CODED,WEATHER CONDITIONS,NOT CODED,NOT CODED,14 MOTOR VEHICLE IN TRANSPORT,01 FRONT TO REAR,01 STRAIGHT AHEAD,FOLLOWED TOO CLOSELY,NO CONTRIBUTING ACTION,00 NOT CODED,00 NOT CODED,00 NOT CODED,00 NOT CODED,01 NO,1,0,0,0,2,0,2,3,N,N,N,Y,N,N,N,N,N,N,N,N,N,N,N,N,N,N,N,N,N,N,N,N,N,N,28.546224817,-81.657016785,435728.353737,3157889.008367,L,,ARBM15Q1R2,"June 10, 2023",3153042,-9090017.883296428,3318017.102900878
2020898254430,2020,898254430,2020-00175861,COUNTY SHERIFF'S OFFICE,05 FIFTH,ORANGE,"May 31, 2020",1547,MONDAY,7546 ORLANDO,0746,Y,SR 423,SR 50,0.095,S,0,0,28.5514299,-81.4137715,75190001,39.905,04998,SR 423,,R RIGHT,3 THRU LANE 3,S SOUTH,30 URBAN 6+LN 2WY DIVD RASD,03 STATE,01 NON-JUNCTION,01 ON ROADWAY,01 NOT AT INTERSECTION,03 CURB,38,"September 8, 2019",14 URBAN PRIN ART OTHER,36,CURB&GUTTER,2,,0,,0,36,50000,RCI,11.4,1D00,45,1 NO INJURY,31 Q/C COMPLETED - LOC VERIFIED,0 NO,01 NOT AT INTERSECTION/RRX/BRIDGE,01 DAYLIGHT,01 CLEAR,01 DRY,01 LEVEL,1 STRAIGHT,"TWO-WAY, DIVIDED, POSITIVE MED","TWO-WAY, DIVIDED, POSITIVE MED",NO CONTROLS,NO CONTROLS,6,NONE,NOT CODED,NOT CODED,NONE,NOT CODED,NOT CODED,14 MOTOR VEHICLE IN TRANSPORT,03 ANGLE,03 TURNING LEFT,IMPROPER TURN,NO CONTRIBUTING ACTION,00 NOT CODED,00 NOT CODED,00 NOT CODED,00 NOT CODED,01 NO,0,0,0,0,3,0,3,3,N,N,N,N,N,N,N,N,N,N,N,N,N,N,N,N,N,N,N,N,N,N,N,N,N,N,28.551522254,-81.413671281,459535.567584,3158369.59552,R,,ARBM15Q1R2,"June 10, 2023",3153043,-9062928.777815321,3318688.4397841017
2020898254440,2020,898254440,2020-00193708,COUNTY SHERIFF'S OFFICE,05 FIFTH,ORANGE,"June 17, 2020",1744,THURSDAY,7546 ORLANDO,0746,Y,SR 50,HIGHLAND AVE,0.002,W,0,0,28.5531312,-81.373798,75060000,1.326,05099,SR 50,US 17,L LEFT,1 THRU LANE 1,W WEST,20 URBAN 4-5LN 2WY DIVD RASD,03 STATE,01 NON-JUNCTION,01 ON ROADWAY,02 FOUR-WAY INTERSECTION,03 CURB,37,"September 9, 2019",14 URBAN PRIN ART OTHER,22,PAVED,6,CURB&GUTTER,2,,0,12,46500,RCI,2.9,,40,3 NO-INCAPACITATING INJURY,31 Q/C COMPLETED - LOC VERIFIED,0 NO,01 NOT AT INTERSECTION/RRX/BRIDGE,01 DAYLIGHT,03 RAIN,02 WET,01 LEVEL,1 STRAIGHT,"TWO-WAY, NOT DIV, W/CONT LTURN","TWO-WAY, NOT DIV, W/CONT LTURN",TRAFFIC CONTROL SIGNAL,NO CONTROLS,4,"RD SURFC (WET, ICY, SNOW, ETC)",NOT CODED,NOT CODED,WEATHER CONDITIONS,NOT CODED,NOT CODED,14 MOTOR VEHICLE IN TRANSPORT,01 FRONT TO REAR,01 STRAIGHT AHEAD,FOLLOWED TOO CLOSELY,NO CONTRIBUTING ACTION,00 NOT CODED,00 NOT CODED,00 NOT CODED,00 NOT CODED,01 NO,1,0,0,0,2,0,2,3,N,N,N,N,N,N,N,N,N,N,N,N,N,N,N,N,N,N,N,N,Y,N,N,N,N,N,28.553135205,-81.373824123,463433.919782,3158535.484116,C,,ARBM15Q1R2,"June 10, 2023",3153044,-9058493.011149427,3318892.8533778
2020898219580,2020,898219580,2020-00128216,COUNTY SHERIFF'S OFFICE,05 FIFTH,ORANGE,"April 18, 2020",2039,SUNDAY,7546 ORLANDO,0746,Y,HOFFNER AVE,GOLDENROD RD S,0.019,S,0,0,28.4769045,-81.2852807,75080000,9.974,00168,SR 15,,S SIDE RD RIGHT,2 THRU LANE 2,W WEST,20 URBAN 4-5LN 2WY DIVD RASD,05 LOCAL,01 NON-JUNCTION,01 ON ROADWAY,01 NOT AT INTERSECTION,01 PAVED,43,"January 9, 2019",16 URBAN MINOR ART,22,PAVED,4,CURB&GUTTER,2,,0,22,22500,RCI,7.8,"D55'0""",45,2 POSSIBLE INJURY,31 Q/C COMPLETED - LOC VERIFIED,1 ALC,03 INFLUENCED BY INTERSECTION,04 DARK-LIGHTED,01 CLEAR,01 DRY,01 LEVEL,1 STRAIGHT,"TWO-WAY, DIVIDED, POSITIVE MED","TWO-WAY, DIVIDED, POSITIVE MED",NO CONTROLS,TRAFFIC CONTROL SIGNAL,4,NONE,NONE,NONE,NONE,NONE,NONE,14 MOTOR VEHICLE IN TRANSPORT,01 FRONT TO REAR,01 STRAIGHT AHEAD,OPERATED MV IN CARLESS OR NEGL,NO CONTRIBUTING ACTION,00 NOT CODED,00 NOT CODED,00 NOT CODED,00 NOT CODED,01 NO,1,0,0,0,2,0,2,2,N,N,N,Y,N,N,N,Y,N,N,N,N,N,N,N,N,N,N,N,N,N,N,N,N,N,N,28.476880834,-81.285263908,472076.515655,3150063.887438,C,,ARBM15Q1R2,"June 10, 2023",3153062,-9048634.529888425,3309232.3578965804
2020898229560,2020,898229560,2020-00190352,COUNTY SHERIFF'S OFFICE,05 FIFTH,ORANGE,"June 14, 2020",1849,MONDAY,7546 ORLANDO,0746,Y,GATLIN AVE,SEMORAN BLVD S,0.001,W,0,0,28.4955034,-81.3102054,75003000,3.063,02405,SR 436,,T SIDE RD LEFT,1 THRU LANE 1,E EAST,30 URBAN 6+LN 2WY DIVD RASD,03 STATE,01 NON-JUNCTION,01 ON ROADWAY,02 FOUR-WAY INTERSECTION,01 PAVED,38,"March 2, 2020",14 URBAN PRIN ART OTHER,36,PAVED,4,CURB&GUTTER,2,,0,32,65000,RCI,5.2,,50,1 NO INJURY,31 Q/C COMPLETED - LOC VERIFIED,0 NO,03 INFLUENCED BY INTERSECTION,01 DAYLIGHT,01 CLEAR,01 DRY,01 LEVEL,1 STRAIGHT,"TWO-WAY, NOT DIVIDED","TWO-WAY, NOT DIVIDED",TRAFFIC CONTROL SIGNAL,TRAFFIC CONTROL SIGNAL,6,NONE,NOT CODED,NOT CODED,NONE,NOT CODED,NOT CODED,14 MOTOR VEHICLE IN TRANSPORT,03 ANGLE,03 TURNING LEFT,FAILED TO YIELD RIGHT-OF-WAY,NO CONTRIBUTING ACTION,00 NOT CODED,00 NOT CODED,00 NOT CODED,00 NOT CODED,01 NO,0,0,0,0,2,0,2,2,N,N,N,Y,N,N,N,N,N,N,N,N,N,N,N,N,N,N,N,N,N,Y,N,Y,N,N,28.495490394,-81.310326913,469628.499033,3152131.606968,L,,ARBM15Q1R2,"June 10, 2023",3153065,-9051424.531841304,3311589.317349382
2020898206320,2020,898206320,2020-00165799,COUNTY SHERIFF'S OFFICE,05 FIFTH,ORANGE,"May 22, 2020",0014,SATURDAY,7546 ORLANDO,0746,Y,ROBINSON ST,ROSALIND AVE,0,,0,0,28.5456771,-81.3760719,75030000,1.414,00932,SR 526,,R RIGHT,2 THRU LANE 2,N NORTH,22 URBAN 4-5LN 2WY UNDIVD,05 LOCAL,02 INTERSECTION,01 ON ROADWAY,02 FOUR-WAY INTERSECTION,01 PAVED,35,"March 1, 2020",16 URBAN MINOR ART,44,RAISED CURB,2,,0,,0,,18500,RCI,2.9,,30,1 NO INJURY,31 Q/C COMPLETED - LOC VERIFIED,0 NO,02 AT INTERSECTION,04 DARK-LIGHTED,01 CLEAR,01 DRY,01 LEVEL,1 STRAIGHT,ONE-WAY TRAFFICWAY,"TWO-WAY, NOT DIV, W/CONT LTURN",NO CONTROLS,NO CONTROLS,4,NONE,NOT CODED,NOT CODED,NONE,NOT CODED,NOT CODED,14 MOTOR VEHICLE IN TRANSPORT,02 FRONT TO FRONT,01 STRAIGHT AHEAD,RAN RED LIGHT,NO CONTRIBUTING ACTION,00 NOT CODED,00 NOT CODED,00 NOT CODED,00 NOT CODED,01 NO,0,0,0,0,2,0,2,2,N,N,N,Y,N,N,N,N,N,N,N,N,N,N,N,N,N,N,N,N,N,N,N,N,N,N,28.545671547,-81.376073672,463211.281759,3157709.308494,C,,ARBM15Q1R2,"June 10, 2023",3153066,-9058743.42979207,3317946.990700043
2020898223250,2020,898223250,2020-00164123,COUNTY SHERIFF'S OFFICE,05 FIFTH,ORANGE,"May 20, 2020",1558,THURSDAY,7546 ORLANDO,0746,Y,SR 436,GRANT ST,0.038,N,0,0,28.5179618,-81.3103479,75003000,4.608,00852,SR 436,,R RIGHT,3 THRU LANE 3,N NORTH,30 URBAN 6+LN 2WY DIVD RASD,03 STATE,01 NON-JUNCTION,01 ON ROADWAY,01 NOT AT INTERSECTION,03 CURB,38,"March 2, 2020",14 URBAN PRIN ART OTHER,36,PAVED,4,CURB&GUTTER,2,,0,32,65000,RCI,5.2,,45,4 INCAPACITATING INJURY,31 Q/C COMPLETED - LOC VERIFIED,0 NO,01 NOT AT INTERSECTION/RRX/BRIDGE,01 DAYLIGHT,01 CLEAR,01 DRY,01 LEVEL,1 STRAIGHT,"TWO-WAY, DIVIDED, POSITIVE MED",,NO CONTROLS,NOT CODED,6,NONE,NOT CODED,NOT CODED,NONE,NOT CODED,NOT CODED,14 MOTOR VEHICLE IN TRANSPORT,77 OTHER (SEE NARRATIVE),01 STRAIGHT AHEAD,OPERATED MV IN CARLESS OR NEGL,NOT CODED,00 NOT CODED,00 NOT CODED,00 NOT CODED,00 NOT CODED,01 NO,1,0,1,0,1,1,1,2,N,N,N,N,N,N,N,N,N,N,Y,N,N,Y,Y,N,N,N,N,N,N,N,N,N,N,N,28.517918827,-81.310246912,469642.749967,3154616.303408,R,,ARBM15Q1R2,"June 10, 2023",3153069,-9051415.626232047,3314430.501329276
2020898246890,2020,898246890,2020-00151924,COUNTY SHERIFF'S OFFICE,05 FIFTH,ORANGE,"May 10, 2020",1050,MONDAY,7546 ORLANDO,0746,Y,SR 15,PRIMROSE DR,0.068,E,0,0,28.5379512,-81.3466307,75080101,1.885,01855,SR 15,,L LEFT,3 THRU LANE 3,W WEST,40 URBAN ONE WAY,03 STATE,01 NON-JUNCTION,01 ON ROADWAY,01 NOT AT INTERSECTION,02 UNPAVED,35,"January 30, 2018",16 URBAN MINOR ART,22,PAVED,10,CURB&GUTTER,2,,0,,17000,RCI,10.1,,40,1 NO INJURY,31 Q/C COMPLETED - LOC VERIFIED,0 NO,01 NOT AT INTERSECTION/RRX/BRIDGE,01 DAYLIGHT,02 CLOUDY,01 DRY,01 LEVEL,1 STRAIGHT,ONE-WAY TRAFFICWAY,ONE-WAY TRAFFICWAY,TRAFFIC CONTROL SIGNAL,TRAFFIC CONTROL SIGNAL,2,NONE,NOT CODED,NOT CODED,NONE,NOT CODED,NOT CODED,14 MOTOR VEHICLE IN TRANSPORT,01 FRONT TO REAR,01 STRAIGHT AHEAD,FOLLOWED TOO CLOSELY,NO CONTRIBUTING ACTION,00 NOT CODED,00 NOT CODED,00 NOT CODED,00 NOT CODED,01 NO,0,0,0,0,2,0,2,2,N,N,N,N,N,N,N,N,N,N,N,N,N,N,N,N,N,N,N,N,N,N,N,N,N,N,28.537914658,-81.346656816,466086.467589,3156841.288429,O,,ARBM15Q1R2,"June 10, 2023",3153075,-9055468.759427255,3316964.038277229
2020898246900,2020,898246900,2020-00139354,COUNTY SHERIFF'S OFFICE,05 FIFTH,ORANGE,"April 29, 2020",0940,THURSDAY,7546 ORLANDO,0746,Y,I 4,SR 91,0.25,S,0,0,28.4759721,-81.4524965,75280000,10.627,00346,SR 400,I 4,R RIGHT,2 THRU LANE 2,E EAST,01 INTERSTATE URBAN,01 INTERSTATE,01 NON-JUNCTION,01 ON ROADWAY,01 NOT AT INTERSECTION,01 PAVED,31,"September 16, 2014",11 URBAN PRIN ART INT.,48,PAVED WARN,10,LAWN,12,,0,64,177000,RCI,7.3,,55,1 NO INJURY,31 Q/C COMPLETED - LOC VERIFIED,0 NO,01 NOT AT INTERSECTION/RRX/BRIDGE,01 DAYLIGHT,03 RAIN,02 WET,01 LEVEL,1 STRAIGHT,ONE-WAY TRAFFICWAY,ONE-WAY TRAFFICWAY,NO CONTROLS,NO CONTROLS,8,NONE,NOT CODED,NOT CODED,NONE,NOT CODED,NOT CODED,14 MOTOR VEHICLE IN TRANSPORT,01 FRONT TO REAR,01 STRAIGHT AHEAD,OPERATED MV IN CARLESS OR NEGL,NO CONTRIBUTING ACTION,00 NOT CODED,00 NOT CODED,00 NOT CODED,00 NOT CODED,01 NO,0,0,0,0,3,0,3,3,N,N,N,N,Y,N,N,N,N,N,N,N,N,N,N,N,N,N,N,N,Y,N,N,N,N,N,28.476000402,-81.4525214,455703.746061,3150016.610707,R,,ARBM15Q1R2,"June 10, 2023",3153076,-9067253.554167418,3309120.858297607
2020898246910,2020,898246910,2020-00199200,COUNTY SHERIFF'S OFFICE,05 FIFTH,ORANGE,"June 23, 2020",1230,WEDNESDAY,7546 ORLANDO,0746,Y,SR 436,CURRY FORD RD,0.2,S,0,0,28.5208844,-81.3103736,75003000,4.809,00853,SR 436,,L LEFT,2 THRU LANE 2,0,30 URBAN 6+LN 2WY DIVD RASD,03 STATE,01 NON-JUNCTION,01 ON ROADWAY,01 NOT AT INTERSECTION,01 PAVED,38,"March 2, 2020",14 URBAN PRIN ART OTHER,36,PAVED,4,CURB&GUTTER,2,,0,32,65000,RCI,5.2,,45,1 NO INJURY,31 Q/C COMPLETED - LOC VERIFIED,0 NO,01 NOT AT INTERSECTION/RRX/BRIDGE,01 DAYLIGHT,01 CLEAR,01 DRY,00 NOT CODED,0 NOT CODED,NOT CODED,"TWO-WAY, DIVIDED, POSITIVE MED",NOT CODED,NO CONTROLS,6,NONE,NOT CODED,NOT CODED,NONE,NOT CODED,NOT CODED,14 MOTOR VEHICLE IN TRANSPORT,01 FRONT TO REAR,00 NOT CODED,NOT CODED,NO CONTRIBUTING ACTION,00 NOT CODED,00 NOT CODED,00 NOT CODED,00 NOT CODED,01 NO,0,0,0,0,1,0,2,2,N,N,N,N,N,N,N,N,N,N,N,N,N,N,N,N,N,N,N,N,N,N,N,N,N,N,28.520887301,-81.310479554,469620.837045,3154945.223021,L,,ARBM15Q1R2,"June 10, 2023",3153077,-9051441.523874113,3314806.586295579
2020898246950,2020,898246950,2020-00154244,COUNTY SHERIFF'S OFFICE,05 FIFTH,ORANGE,"May 12, 2020",0830,WEDNESDAY,7546 ORLANDO,0746,Y,SR 526,ROSALIND AVE,0.047,N,0,0,28.5456842,-81.3752957,75030000,1.461,00932,SR 526,,L LEFT,2 THRU LANE 2,0,22 URBAN 4-5LN 2WY UNDIVD,03 STATE,01 NON-JUNCTION,02 OFF ROADWAY,01 NOT AT INTERSECTION,01 PAVED,35,"March 1, 2020",16 URBAN MINOR ART,37,RAISED CURB,2,,0,,0,,18500,RCI,2.9,,30,1 NO INJURY,31 Q/C COMPLETED - LOC VERIFIED,0 NO,03 INFLUENCED BY INTERSECTION,01 DAYLIGHT,01 CLEAR,01 DRY,00 NOT CODED,0 NOT CODED,NOT CODED,"TWO-WAY, NOT DIVIDED",NOT CODED,"PERSON (INCLUDING FLAGMAN, OFF",4,WORK ZONE (CONST/MNT/UTLTY)NTE,NOT CODED,NOT CODED,NONE,NOT CODED,NOT CODED,14 MOTOR VEHICLE IN TRANSPORT,77 OTHER (SEE NARRATIVE),00 NOT CODED,NOT CODED,NO CONTRIBUTING ACTION,04 ACTIVITY AREA,01 LANE CLOSURE,02 YES,01 NO,01 NO,0,0,0,0,1,0,2,1,N,Y,N,Y,N,N,N,N,N,N,N,N,N,N,N,N,N,N,N,N,N,N,N,N,N,N,28.545684655,-81.375297802,463287.184973,3157710.522882,C,,ARBM15Q1R2,"June 10, 2023",3153078,-9058657.060316194,3317948.651858476
2020898249490,2020,898249490,2020-00178746,COUNTY SHERIFF'S OFFICE,05 FIFTH,ORANGE,"June 3, 2020",1215,THURSDAY,7546 ORLANDO,0746,Y,I 4,JOHN YOUNG PKWY S,0.095,S,0,0,28.5075807,-81.4200842,75280000,13.569,04195,SR 400,I 4,L LEFT,2 THRU LANE 2,S SOUTH,01 INTERSTATE URBAN,01 INTERSTATE,01 NON-JUNCTION,01 ON ROADWAY,01 NOT AT INTERSECTION,01 PAVED,35,"September 16, 2014",11 URBAN PRIN ART INT.,36,PAVED WARN,12,LAWN,12,,0,142,127500,RCI,5.6,2D0000,55,3 NO-INCAPACITATING INJURY,31 Q/C COMPLETED - LOC VERIFIED,0 NO,01 NOT AT INTERSECTION/RRX/BRIDGE,01 DAYLIGHT,03 RAIN,02 WET,01 LEVEL,1 STRAIGHT,"TWO-WAY, DIVIDED, POSITIVE MED","TWO-WAY, DIVIDED, POSITIVE MED",NO CONTROLS,NO CONTROLS,6,"RD SURFC (WET, ICY, SNOW, ETC)",NOT CODED,NOT CODED,WEATHER CONDITIONS,NOT CODED,NOT CODED,14 MOTOR VEHICLE IN TRANSPORT,02 FRONT TO FRONT,01 STRAIGHT AHEAD,DROVE TOO FAST FOR CONDITIONS,NO CONTRIBUTING ACTION,00 NOT CODED,00 NOT CODED,00 NOT CODED,00 NOT CODED,01 NO,1,0,0,0,2,0,2,2,N,N,N,N,Y,Y,N,N,N,N,N,Y,N,N,N,N,N,N,N,N,N,N,N,N,N,N,28.507907824,-81.420531092,458847.610737,3153540.090353,L,,ARBM15Q1R2,"June 10, 2023",3153081,-9063692.40855082,3313162.2547665774
2020898239300,2020,898239300,2020-00121880,COUNTY SHERIFF'S OFFICE,05 FIFTH,ORANGE,"April 11, 2020",0857,SUNDAY,7546 ORLANDO,0746,Y,COLONIAL DR,MAGUIRE BLVD,0,,0,0,28.5533124,-81.3446414,75060000,3.098,05122,SR 50,,R RIGHT,3 THRU LANE 3,E EAST,30 URBAN 6+LN 2WY DIVD RASD,05 LOCAL,01 NON-JUNCTION,01 ON ROADWAY,02 FOUR-WAY INTERSECTION,03 CURB,34,"September 9, 2019",14 URBAN PRIN ART OTHER,36,CURB&GUTTER,2,,0,,0,20,50500,RCI,3.5,,40,2 POSSIBLE INJURY,31 Q/C COMPLETED - LOC VERIFIED,0 NO,02 AT INTERSECTION,01 DAYLIGHT,01 CLEAR,01 DRY,00 NOT CODED,0 NOT CODED,NOT CODED,"TWO-WAY, DIVIDED, POSITIVE MED",NOT CODED,TRAFFIC CONTROL SIGNAL,6,NONE,NOT CODED,NOT CODED,NONE,NOT CODED,NOT CODED,14 MOTOR VEHICLE IN TRANSPORT,01 FRONT TO REAR,00 NOT CODED,NOT CODED,NO CONTRIBUTING ACTION,00 NOT CODED,00 NOT CODED,00 NOT CODED,00 NOT CODED,01 NO,1,0,0,0,1,0,2,1,N,N,N,Y,N,N,N,N,N,N,N,N,N,N,N,N,N,N,N,N,N,N,N,N,N,N,28.553224913,-81.344702096,466282.575879,3158536.884817,R,,ARBM15Q1R2,"June 10, 2023",3153084,-9055251.161039846,3318904.222464516