Crash Id,Calendar Year,FDOT Crash Number,Reporting Agency Case Number,Reporting Agency Type,FDOT Managing District,County Name,Crash Date,Crash Time,Day,DHSMV City,Crash Report City Code,In Town,On Roadway Name,Int Roadway Name,Reference Distance (Miles),Reference Direction,Officer Latitude,Officer Longitude,FDOT Latitude,FDOT Longitude,FDOT Roadway,Nearest Inventory MP,Nearest Node From Crash,State Road #,US Highway,Crash Side of Road,Accident Lane Number,Travel Direction Vehicle 1,FDOT Road Category,DHSMV Road System Id,Relation to Junction,Crash Harmful Event Location,Intersection Type,Shoulder Type,FDOT Roadway SKID Test Result,FDOT Roadway SKID Test Date,Functional Class,RCI Surface Width,RCI Shoulder Type First,RCI Shoulder Width First,RCI Shoulder Type Second,RCI Shoulder Width Second,RCI Shoulder Type Third,RCI Shoulder Width Third,RCI Median Width,Avg Daily Traffic,AADT Source,RCI Avg Per Truck Traffic,RCI Horiz Curve Condition,Posted Speed Limit,Highest Injury in Crash,CAR Status Code,Alcohols/Drug Involved,Site Location,Lighting,Weather,Road Surface,Roadway Grade,Roadway Alignment,Traffic Way Vehicle 1,Traffic Way Vehicle 2,Traffic Control Vehicle 1,Traffic Control Vehicle 2,Count of Lanes,Road Condition 1,Road Condition 2,Road Condition 3,Environment Condition 1,Environment Condition 2,Environment Condition 3,Crash Harmful Event,Manner of Collision,Vehicle Movement,Driver Action Vehicle 1,Driver Action Vehicle 2,Location Within Workzone,Type of Workzone,Workers Present in Workzone,Law Enforcement Present in Workzone,School Bus Related,Count of Nonfatal Injuries,Count of Traffic Fatalities,Count of Serious Injuries,Count of Pedestrians,Count of Drivers,Count of Bicyclists,Count of Vehicles,Count of Persons,Wrong Way,Workzone Inv,Commercial Vehicle Inv,Intersection Inv,Lane Departure,Speeding,Agressive Driving,Impaired Driver,Impaired Pedestrian,Impaired Bicyclist,Distracted Driver,Speeding or Aggressive Driving,Pedestrian Related,Bicyclist Related,Pedestrian or Bicyclist Related,Motorcycle Inv,No Belt,No Belt - Ages 1-4,No Belt - Ages 5-12,No Belt - Ages 13-17,Driver - Ages Teen,Driver - Ages 65 plus,Driver - Ages 65-69,Driver - Ages 70-74,Driver - Ages 75-79,Driver - Ages 80 plus,ARBM Latitude,ARBM Longitude,UTM Zone 17N X,UTM Zone 17N Y,ARBM Side of Road,Urban Rural Indicator,GIS Street Source,Extract Date,OBJECTID,x,y
2020898249570,2020,898249570,2020-00184945,COUNTY SHERIFF'S OFFICE,05 FIFTH,ORANGE,"June 9, 2020",1730,WEDNESDAY,7546 ORLANDO,0746,Y,SOUTH ST,BUMBY AVE,0,,0,0,28.5386738,-81.3517288,75080000,18.258,00239,SR 15,,L LEFT,1 THRU LANE 1,0,41 SUBURBAN ONE WAY,03 STATE,02 INTERSECTION,01 ON ROADWAY,02 FOUR-WAY INTERSECTION,01 PAVED,43,"April 1, 2018",17 URBAN MAJOR COLLECTOR,33,PAVED,6,,0,,0,,10000,RCI,10.1,,35,1 NO INJURY,31 Q/C COMPLETED - LOC VERIFIED,0 NO,02 AT INTERSECTION,01 DAYLIGHT,01 CLEAR,01 DRY,00 NOT CODED,0 NOT CODED,NOT CODED,ONE-WAY TRAFFICWAY,NOT CODED,TRAFFIC CONTROL SIGNAL,3,NONE,NOT CODED,NOT CODED,NONE,NOT CODED,NOT CODED,14 MOTOR VEHICLE IN TRANSPORT,"04 SIDESWIPE, SAME DIRECTION",00 NOT CODED,NOT CODED,NO CONTRIBUTING ACTION,00 NOT CODED,00 NOT CODED,00 NOT CODED,00 NOT CODED,01 NO,0,0,0,0,1,0,2,1,N,N,N,Y,N,N,N,N,N,N,N,N,N,N,N,N,N,N,N,N,N,N,N,N,N,N,28.538674657,-81.351747189,465588.718513,3156926.934859,O,,ARBM15Q1R2,"June 10, 2023",3156556,-9056035.417376066,3317060.342074503
2020898249700,2020,898249700,2020-00199148,COUNTY SHERIFF'S OFFICE,05 FIFTH,ORANGE,"June 23, 2020",1115,WEDNESDAY,7546 ORLANDO,0746,Y,VIRGINIA DR,MILLS AVE,0,,0,0,28.5639944,-81.364451,75030000,3.373,00950,SR 15,US 17,S SIDE RD RIGHT,1 THRU LANE 1,W WEST,21 URBAN 4-5LN 2WY DIVD PAVD,05 LOCAL,01 NON-JUNCTION,01 ON ROADWAY,02 FOUR-WAY INTERSECTION,01 PAVED,39,"March 1, 2020",14 URBAN PRIN ART OTHER,22,CURB&GUTTER,2,,0,,0,22,29000,RCI,2.7,,35,2 POSSIBLE INJURY,31 Q/C COMPLETED - LOC VERIFIED,0 NO,02 AT INTERSECTION,01 DAYLIGHT,01 CLEAR,01 DRY,01 LEVEL,1 STRAIGHT,"TWO-WAY, NOT DIV, W/CONT LTURN","TWO-WAY, NOT DIV, W/CONT LTURN",TRAFFIC CONTROL SIGNAL,TRAFFIC CONTROL SIGNAL,4,NONE,NONE,NONE,NONE,NONE,NONE,14 MOTOR VEHICLE IN TRANSPORT,03 ANGLE,05 TURNING RIGHT,FAILED TO KEEP IN PROPER LANE,NO CONTRIBUTING ACTION,00 NOT CODED,00 NOT CODED,00 NOT CODED,00 NOT CODED,01 NO,1,0,0,0,2,0,2,2,N,N,Y,Y,N,N,N,N,N,N,N,N,N,N,N,N,N,N,N,N,N,N,N,N,N,N,28.56399084,-81.364446895,464354.829138,3159735.305543,C,,ARBM15Q1R2,"June 10, 2023",3156557,-9057449.14272655,3320268.698041307
2020898242230,2020,898242230,2020-00154906,COUNTY SHERIFF'S OFFICE,05 FIFTH,ORANGE,"May 12, 2020",2118,WEDNESDAY,7546 ORLANDO,0746,Y,SEMORAN BLVD S,LAKE UNDERHILL RD,0.019,N,0,0,28.5396495,-81.3105505,75003000,6.1,00868,SR 436,,R RIGHT,2 THRU LANE 2,N NORTH,30 URBAN 6+LN 2WY DIVD RASD,03 STATE,01 NON-JUNCTION,01 ON ROADWAY,01 NOT AT INTERSECTION,01 PAVED,38,"March 2, 2020",14 URBAN PRIN ART OTHER,33,CURB&GUTTER,2,CURB&GUTTER,2,,0,22,60000,RCI,5.2,,45,1 NO INJURY,31 Q/C COMPLETED - LOC VERIFIED,0 NO,01 NOT AT INTERSECTION/RRX/BRIDGE,04 DARK-LIGHTED,01 CLEAR,01 DRY,01 LEVEL,1 STRAIGHT,"TWO-WAY, DIVIDED, POSITIVE MED","TWO-WAY, DIVIDED, POSITIVE MED",NO CONTROLS,NO CONTROLS,6,NONE,NOT CODED,NOT CODED,NONE,NOT CODED,NOT CODED,14 MOTOR VEHICLE IN TRANSPORT,"04 SIDESWIPE, SAME DIRECTION",01 STRAIGHT AHEAD,OPERATED MV IN CARLESS OR NEGL,NO CONTRIBUTING ACTION,00 NOT CODED,00 NOT CODED,00 NOT CODED,00 NOT CODED,01 NO,0,0,0,0,2,0,2,3,N,N,N,N,Y,N,N,N,N,N,N,N,N,N,N,N,N,N,N,N,N,N,N,N,N,N,28.539642138,-81.310466911,469627.451515,3157022.967199,R,,ARBM15Q1R2,"June 10, 2023",3156575,-9051440.116536139,3317182.9382685474
2020898248480,2020,898248480,2020-00155253,COUNTY SHERIFF'S OFFICE,05 FIFTH,ORANGE,"May 13, 2020",0658,THURSDAY,7546 ORLANDO,0746,Y,KING ST,SR 527,0.004,E,0,0,28.5766926,-81.3729449,75040000,16.552,00832,SR 527,,S SIDE RD RIGHT,L LEFT TURN,W WEST,22 URBAN 4-5LN 2WY UNDIVD,05 LOCAL,01 NON-JUNCTION,01 ON ROADWAY,01 NOT AT INTERSECTION,03 CURB,40,"September 9, 2019",14 URBAN PRIN ART OTHER,44,RAISED CURB,0,,0,,0,,19800,RCI,6.9,,30,1 NO INJURY,31 Q/C COMPLETED - LOC VERIFIED,0 NO,03 INFLUENCED BY INTERSECTION,01 DAYLIGHT,02 CLOUDY,01 DRY,01 LEVEL,1 STRAIGHT,"TWO-WAY, NOT DIVIDED","TWO-WAY, NOT DIVIDED",TRAFFIC CONTROL SIGNAL,TRAFFIC CONTROL SIGNAL,4,NONE,NOT CODED,NOT CODED,NONE,NOT CODED,NOT CODED,14 MOTOR VEHICLE IN TRANSPORT,01 FRONT TO REAR,13 STOPPED IN TRAFFIC,OPERATED MV IN CARLESS OR NEGL,NO CONTRIBUTING ACTION,00 NOT CODED,00 NOT CODED,00 NOT CODED,00 NOT CODED,01 NO,0,0,0,0,2,0,2,2,N,N,Y,Y,N,N,N,N,N,N,N,N,N,N,N,N,N,N,N,N,N,N,N,N,N,N,28.576729263,-81.372968943,463525.706887,3161149.104803,C,,ARBM15Q1R2,"June 10, 2023",3156588,-9058397.813064339,3321883.3483685898
2020898261990,2020,898261990,2020-00188133,COUNTY SHERIFF'S OFFICE,05 FIFTH,ORANGE,"June 12, 2020",1522,SATURDAY,7546 ORLANDO,0746,Y,I 4,LAKE IVANHOE EXIT RAMP,0.095,N,0,0,28.5628857,-81.3778812,75280000,19.052,00382,SR 400,I 4,L LEFT,1 THRU LANE 1,S SOUTH,01 INTERSTATE URBAN,01 INTERSTATE,01 NON-JUNCTION,01 ON ROADWAY,01 NOT AT INTERSECTION,01 PAVED,25,"September 16, 2014",11 URBAN PRIN ART INT.,48,PAVED WARN,10,CURB&GUTTER,2,,0,30,170500,RCI,6.8,,50,2 POSSIBLE INJURY,31 Q/C COMPLETED - LOC VERIFIED,0 NO,01 NOT AT INTERSECTION/RRX/BRIDGE,01 DAYLIGHT,02 CLOUDY,01 DRY,01 LEVEL,2 CURVE RIGHT,"TWO-WAY, DIVIDED, POSITIVE MED","TWO-WAY, DIVIDED, POSITIVE MED",NO CONTROLS,NO CONTROLS,9,OBSTRUCTION IN ROADWAY,NOT CODED,NOT CODED,NONE,NOT CODED,NOT CODED,14 MOTOR VEHICLE IN TRANSPORT,01 FRONT TO REAR,01 STRAIGHT AHEAD,FOLLOWED TOO CLOSELY,NO CONTRIBUTING ACTION,00 NOT CODED,00 NOT CODED,00 NOT CODED,00 NOT CODED,01 NO,1,0,0,0,2,0,2,3,N,N,N,N,N,N,N,N,N,N,N,N,N,N,N,N,N,N,N,N,N,N,N,N,N,N,28.562977795,-81.378059307,463023.086185,3159627.199587,L,,ARBM15Q1R2,"June 10, 2023",3156590,-9058964.469899751,3320140.2985175927
2020898264990,2020,898264990,2020-00198265,COUNTY SHERIFF'S OFFICE,05 FIFTH,ORANGE,"June 22, 2020",1525,TUESDAY,7546 ORLANDO,0746,Y,SR 436,LAKE UNDERHILL RD,0.003,N,0,0,28.5394182,-81.3105482,75003000,6.084,01734,SR 436,,L LEFT,L LEFT TURN,S SOUTH,30 URBAN 6+LN 2WY DIVD RASD,03 STATE,03 INTERSECTION-RELATED,01 ON ROADWAY,01 NOT AT INTERSECTION,03 CURB,38,"March 2, 2020",14 URBAN PRIN ART OTHER,33,CURB&GUTTER,2,,0,,0,22,60000,RCI,5.2,,45,2 POSSIBLE INJURY,31 Q/C COMPLETED - LOC VERIFIED,0 NO,03 INFLUENCED BY INTERSECTION,01 DAYLIGHT,02 CLOUDY,01 DRY,01 LEVEL,1 STRAIGHT,"TWO-WAY, DIVIDED, POSITIVE MED","TWO-WAY, DIVIDED, POSITIVE MED",NO CONTROLS,NO CONTROLS,6,NONE,NOT CODED,NOT CODED,NONE,NOT CODED,NOT CODED,14 MOTOR VEHICLE IN TRANSPORT,03 ANGLE,06 CHANGING LANES,FAILED TO KEEP IN PROPER LANE,NO CONTRIBUTING ACTION,00 NOT CODED,00 NOT CODED,00 NOT CODED,00 NOT CODED,01 NO,1,0,0,0,2,0,2,3,N,N,N,Y,N,N,N,N,N,N,N,N,N,N,N,N,N,N,N,N,N,Y,Y,N,N,N,28.53943318,-81.310656912,469608.803977,3156999.865948,L,,ARBM15Q1R2,"June 10, 2023",3156591,-9051461.267239533,3317156.459605193
2020898254340,2020,898254340,2020-00176514,COUNTY SHERIFF'S OFFICE,05 FIFTH,ORANGE,"June 1, 2020",0718,TUESDAY,7546 ORLANDO,0746,Y,US 441,SR 438,0.038,S,0,0,28.5712797,-81.4050717,75020000,1.419,02187,SR 500,US 441,L LEFT,1 THRU LANE 1,S SOUTH,21 URBAN 4-5LN 2WY DIVD PAVD,02 U.S.,01 NON-JUNCTION,01 ON ROADWAY,01 NOT AT INTERSECTION,03 CURB,30,"January 22, 2020",14 URBAN PRIN ART OTHER,23,PAVED,6,CURB&GUTTER,2,,0,14,35500,RCI,4.6,,40,1 NO INJURY,31 Q/C COMPLETED - LOC VERIFIED,0 NO,01 NOT AT INTERSECTION/RRX/BRIDGE,01 DAYLIGHT,01 CLEAR,01 DRY,01 LEVEL,1 STRAIGHT,"TWO-WAY, NOT DIVIDED","TWO-WAY, NOT DIVIDED",NO CONTROLS,NO CONTROLS,4,NONE,NOT CODED,NOT CODED,NONE,NOT CODED,NOT CODED,14 MOTOR VEHICLE IN TRANSPORT,"04 SIDESWIPE, SAME DIRECTION",06 CHANGING LANES,OPERATED MV IN CARLESS OR NEGL,NO CONTRIBUTING ACTION,00 NOT CODED,00 NOT CODED,00 NOT CODED,00 NOT CODED,01 NO,0,0,0,0,2,0,2,2,N,N,N,N,Y,N,N,N,N,N,N,N,N,N,N,N,N,N,N,N,N,N,N,N,N,N,28.571276978,-81.405171955,460374.360465,3160555.29787,L,,ARBM15Q1R2,"June 10, 2023",3156594,-9061982.636882337,3321192.2236404466
2020898254370,2020,898254370,2020-00172571,COUNTY SHERIFF'S OFFICE,05 FIFTH,ORANGE,"May 28, 2020",0844,FRIDAY,7546 ORLANDO,0746,Y,I 4,PRINCETON ST,0.095,W,0,0,0,0,75280077,0.001,00422,SR 400,I 4,L LEFT,X RAMP,W WEST,08 RAMP RURAL,01 INTERSTATE,01 NON-JUNCTION,01 ON ROADWAY,01 NOT AT INTERSECTION,01 PAVED,0,"December 31, 2000",,20,PAVED,10,LAWN,2,,0,,9100,RCI,3.8,,,1 NO INJURY,31 Q/C COMPLETED - LOC VERIFIED,0 NO,01 NOT AT INTERSECTION/RRX/BRIDGE,01 DAYLIGHT,01 CLEAR,01 DRY,01 LEVEL,3 CURVE LEFT,"TWO-WAY, DIVIDED, POSITIVE MED","TWO-WAY, DIVIDED, POSITIVE MED",NO CONTROLS,NO CONTROLS,1,NONE,NOT CODED,NOT CODED,NONE,NOT CODED,NOT CODED,14 MOTOR VEHICLE IN TRANSPORT,03 ANGLE,77 OTHER (SEE NARRATIVE),OPERATED MV IN CARLESS OR NEGL,NO CONTRIBUTING ACTION,00 NOT CODED,00 NOT CODED,00 NOT CODED,00 NOT CODED,01 NO,0,0,0,0,2,0,2,6,N,N,N,N,Y,N,N,N,N,N,N,N,N,N,N,N,N,N,N,N,N,N,N,N,N,N,28.572775178,-81.376027715,463225.19859,3160711.983714,O,,ARBM15Q1R2,"June 10, 2023",3156595,-9058738.314000243,3321382.1299350867
2020898254380,2020,898254380,2020-00175352,COUNTY SHERIFF'S OFFICE,05 FIFTH,ORANGE,"May 31, 2020",0629,MONDAY,7546 ORLANDO,0746,Y,I 4,SR 91,0.189,S,0,0,28.4765778,-81.4517629,75280000,10.688,00346,SR 400,I 4,M MEDIAN,M MIDDLE,S SOUTH,01 INTERSTATE URBAN,01 INTERSTATE,14 ENTRANCE/EXIT RAMP,03 SHOULDER,01 NOT AT INTERSECTION,01 PAVED,31,"September 16, 2014",11 URBAN PRIN ART INT.,48,PAVED WARN,10,LAWN,12,,0,64,177000,RCI,7.3,,55,1 NO INJURY,31 Q/C COMPLETED - LOC VERIFIED,0 NO,01 NOT AT INTERSECTION/RRX/BRIDGE,01 DAYLIGHT,02 CLOUDY,01 DRY,03 UPHILL,1 STRAIGHT,"TWO-WAY, DIVIDED, POSITIVE MED",,NO CONTROLS,NOT CODED,8,NONE,NOT CODED,NOT CODED,NONE,NOT CODED,NOT CODED,27 GUARDRAIL FACE,77 OTHER (SEE NARRATIVE),77 OTHER (SEE NARRATIVE),OPERATED MV IN CARLESS OR NEGL,NOT CODED,00 NOT CODED,00 NOT CODED,00 NOT CODED,00 NOT CODED,01 NO,0,0,0,0,1,0,1,1,N,N,N,N,Y,N,N,N,N,N,N,N,N,N,N,N,N,N,N,N,N,N,N,N,N,N,28.476604804,-81.451786412,455775.944878,3150083.298481,R,,ARBM15Q1R2,"June 10, 2023",3156596,-9067171.735663837,3309197.4005538854
2020898258510,2020,898258510,2020-00189279,COUNTY SHERIFF'S OFFICE,05 FIFTH,ORANGE,"June 13, 2020",1800,SUNDAY,7546 ORLANDO,0746,Y,I 4,MM 75,0,,28.4,-81.4,28.4651831,-81.4651087,75280000,9.53,03517,SR 400,I 4,R RIGHT,3 THRU LANE 3,N NORTH,01 INTERSTATE URBAN,01 INTERSTATE,01 NON-JUNCTION,01 ON ROADWAY,01 NOT AT INTERSECTION,02 UNPAVED,31,"September 16, 2014",11 URBAN PRIN ART INT.,36,PAVED,10,LAWN,12,,0,165,106000,RCI,5.6,2D0000,55,1 NO INJURY,31 Q/C COMPLETED - LOC VERIFIED,0 NO,01 NOT AT INTERSECTION/RRX/BRIDGE,01 DAYLIGHT,01 CLEAR,01 DRY,01 LEVEL,2 CURVE RIGHT,"TWO-WAY, DIVIDED, POSITIVE MED","TWO-WAY, DIVIDED, POSITIVE MED",NO CONTROLS,NO CONTROLS,6,NONE,NOT CODED,NOT CODED,NONE,NOT CODED,NOT CODED,14 MOTOR VEHICLE IN TRANSPORT,"04 SIDESWIPE, SAME DIRECTION",06 CHANGING LANES,OPERATED MV IN CARLESS OR NEGL,NO CONTRIBUTING ACTION,00 NOT CODED,00 NOT CODED,00 NOT CODED,00 NOT CODED,01 NO,0,0,0,0,2,0,2,2,N,N,N,N,Y,N,N,N,N,N,N,N,N,N,N,N,N,N,N,N,N,N,N,N,N,N,28.465185437,-81.465097811,454468.019606,3148823.177829,R,,ARBM15Q1R2,"June 10, 2023",3156610,-9068653.554332595,3307751.3110003406
2020898258600,2020,898258600,2020-00197089,COUNTY SHERIFF'S OFFICE,05 FIFTH,ORANGE,"June 21, 2020",1435,MONDAY,7546 ORLANDO,0746,Y,SILVER STAR RD,JOHN YOUNG PKWY N,0.004,W,0,0,28.5781211,-81.4164704,75250000,8.436,06025,SR 416,,R RIGHT,1 THRU LANE 1,E EAST,14 SUBURBAN 2-3LN 2WY DIVD PAVD,05 LOCAL,03 INTERSECTION-RELATED,01 ON ROADWAY,02 FOUR-WAY INTERSECTION,02 UNPAVED,34,"September 8, 2019",16 URBAN MINOR ART,12,PAVED,4,LAWN,6,,0,10,16100,RCI,8.9,,40,3 NO-INCAPACITATING INJURY,31 Q/C COMPLETED - LOC VERIFIED,0 NO,03 INFLUENCED BY INTERSECTION,01 DAYLIGHT,01 CLEAR,01 DRY,01 LEVEL,1 STRAIGHT,"TWO-WAY, NOT DIVIDED","TWO-WAY, NOT DIVIDED",TRAFFIC CONTROL SIGNAL,TRAFFIC CONTROL SIGNAL,2,NONE,NOT CODED,NOT CODED,NONE,NOT CODED,NOT CODED,14 MOTOR VEHICLE IN TRANSPORT,01 FRONT TO REAR,01 STRAIGHT AHEAD,OPERATED MV IN CARLESS OR NEGL,NO CONTRIBUTING ACTION,00 NOT CODED,00 NOT CODED,00 NOT CODED,00 NOT CODED,01 NO,1,0,0,0,2,0,2,2,N,N,N,Y,N,N,N,N,N,N,N,N,N,N,N,N,N,N,N,N,N,Y,N,N,N,Y,28.578114649,-81.41641065,459277.843889,3161316.585282,C,,ARBM15Q1R2,"June 10, 2023",3156611,-9063233.7231282,3322058.963669941
2020898251260,2020,898251260,2020-00194800,COUNTY SHERIFF'S OFFICE,05 FIFTH,ORANGE,"June 18, 2020",2237,FRIDAY,7546 ORLANDO,0746,Y,SEMORAN BLVD S,CURRY FORD RD,0.066,S,0,0,28.5228328,-81.3103907,75003000,4.943,00854,SR 436,,R RIGHT,R RIGHT TURN,O OFF-ROAD,30 URBAN 6+LN 2WY DIVD RASD,03 STATE,01 NON-JUNCTION,01 ON ROADWAY,01 NOT AT INTERSECTION,03 CURB,38,"March 2, 2020",14 URBAN PRIN ART OTHER,36,PAVED,4,CURB&GUTTER,2,,0,32,65000,RCI,5.2,,45,3 NO-INCAPACITATING INJURY,31 Q/C COMPLETED - LOC VERIFIED,0 NO,04 DRIVEWAY ACCESS,04 DARK-LIGHTED,01 CLEAR,01 DRY,01 LEVEL,1 STRAIGHT,"TWO-WAY, DIVIDED, POSITIVE MED","TWO-WAY, DIVIDED, POSITIVE MED",NO CONTROLS,NO CONTROLS,6,NONE,NOT CODED,NOT CODED,NONE,NOT CODED,NOT CODED,14 MOTOR VEHICLE IN TRANSPORT,03 ANGLE,05 TURNING RIGHT,OTHER CONTRIBUTING ACTION,NO CONTRIBUTING ACTION,00 NOT CODED,00 NOT CODED,00 NOT CODED,00 NOT CODED,01 NO,1,0,0,0,2,0,2,3,N,N,N,N,N,N,N,N,N,N,N,N,N,N,N,Y,N,N,N,N,N,N,N,N,N,N,28.522796536,-81.310283541,469640.563198,3155156.687062,R,,ARBM15Q1R2,"June 10, 2023",3156642,-9051419.703724716,3315048.478781636
2020898253280,2020,898253280,2020-00173697,COUNTY SHERIFF'S OFFICE,05 FIFTH,ORANGE,"May 29, 2020",0958,SATURDAY,7546 ORLANDO,0746,Y,SR 408,I 4,0,W,0,0,28.5351364,-81.3827861,75008000,5.213,04806,SR 408,,L LEFT,S SIDE OF ROAD,W WEST,03 TOLL ROAD URBAN,03 STATE,14 ENTRANCE/EXIT RAMP,01 ON ROADWAY,01 NOT AT INTERSECTION,01 PAVED,41,"September 28, 2003",12 URBAN PRIN ART EXPR.,33,PAVED WARN,8,,0,,0,44,159500,RCI,4.5,,55,2 POSSIBLE INJURY,31 Q/C COMPLETED - LOC VERIFIED,0 NO,01 NOT AT INTERSECTION/RRX/BRIDGE,01 DAYLIGHT,02 CLOUDY,01 DRY,01 LEVEL,1 STRAIGHT,"TWO-WAY, DIVIDED, POSITIVE MED",,NO CONTROLS,NOT CODED,5,NONE,NOT CODED,NOT CODED,NONE,NOT CODED,NOT CODED,19 IMPACT ATTENUATOR/CRASH CUSION,77 OTHER (SEE NARRATIVE),77 OTHER (SEE NARRATIVE),OPERATED MV IN CARLESS OR NEGL,NOT CODED,00 NOT CODED,00 NOT CODED,00 NOT CODED,00 NOT CODED,01 NO,1,0,0,0,1,0,1,1,N,N,N,N,Y,N,N,N,N,N,N,N,N,N,N,N,N,N,N,N,N,N,N,N,N,N,28.535284658,-81.382804913,462549.131781,3156560.678331,L,,ARBM15Q1R2,"June 10, 2023",3156643,-9059492.74836137,3316630.78105944
2020898253290,2020,898253290,2020-00183490,COUNTY SHERIFF'S OFFICE,05 FIFTH,ORANGE,"June 8, 2020",1241,TUESDAY,7546 ORLANDO,0746,Y,SR 552,CURRY AVE,0.009,E,0,0,28.5243043,-81.3211216,75012000,0.604,06806,SR 552,,L LEFT,2 THRU LANE 2,W WEST,20 URBAN 4-5LN 2WY DIVD RASD,03 STATE,02 INTERSECTION,01 ON ROADWAY,02 FOUR-WAY INTERSECTION,03 CURB,36,"February 11, 2020",16 URBAN MINOR ART,22,CURB&GUTTER,2,,0,,0,16,31500,RCI,3.8,,40,2 POSSIBLE INJURY,31 Q/C COMPLETED - LOC VERIFIED,0 NO,03 INFLUENCED BY INTERSECTION,01 DAYLIGHT,01 CLEAR,01 DRY,01 LEVEL,1 STRAIGHT,,"TWO-WAY, DIVIDED, UNPROTECTED",NOT CODED,NO CONTROLS,4,NONE,NOT CODED,NOT CODED,NONE,NOT CODED,NOT CODED,10 PEDESTRIAN,03 ANGLE,01 STRAIGHT AHEAD,NOT CODED,NO CONTRIBUTING ACTION,00 NOT CODED,00 NOT CODED,00 NOT CODED,00 NOT CODED,01 NO,1,0,0,1,1,0,1,2,N,N,N,Y,N,N,N,N,N,N,N,N,Y,N,Y,N,N,N,N,N,N,N,N,N,N,N,28.524365586,-81.321093609,468583.320194,3155333.296376,L,,ARBM15Q1R2,"June 10, 2023",3156644,-9052623.075389413,3315247.274249852
2020898253310,2020,898253310,2020-00183545,COUNTY SHERIFF'S OFFICE,05 FIFTH,ORANGE,"June 8, 2020",1310,TUESDAY,7546 ORLANDO,0746,Y,I 4,MICHIGAN ST,0.057,N,0,0,28.5158889,-81.3882419,75280000,15.668,00362,SR 400,I 4,L LEFT,2 THRU LANE 2,0,01 INTERSTATE URBAN,01 INTERSTATE,01 NON-JUNCTION,01 ON ROADWAY,01 NOT AT INTERSECTION,01 PAVED,27,"September 16, 2014",11 URBAN PRIN ART INT.,48,PAVED,10,CURB&GUTTER,2,,0,18,167000,RCI,6.8,2D3000,50,1 NO INJURY,31 Q/C COMPLETED - LOC VERIFIED,0 NO,01 NOT AT INTERSECTION/RRX/BRIDGE,01 DAYLIGHT,01 CLEAR,01 DRY,00 NOT CODED,0 NOT CODED,NOT CODED,"TWO-WAY, DIVIDED, POSITIVE MED",NOT CODED,NO CONTROLS,8,NONE,NOT CODED,NOT CODED,NONE,NOT CODED,NOT CODED,14 MOTOR VEHICLE IN TRANSPORT,"04 SIDESWIPE, SAME DIRECTION",00 NOT CODED,NOT CODED,NO CONTRIBUTING ACTION,00 NOT CODED,00 NOT CODED,00 NOT CODED,00 NOT CODED,01 NO,0,0,0,0,1,0,2,1,N,N,N,N,Y,N,N,N,N,N,N,N,N,N,N,N,N,N,N,N,N,N,N,N,N,N,28.515950903,-81.38846633,461988.319898,3154420.568295,L,,ARBM15Q1R2,"June 10, 2023",3156645,-9060122.974521967,3314181.1846693847
2020898241450,2020,898241450,2020-00139301,COUNTY SHERIFF'S OFFICE,05 FIFTH,ORANGE,"April 29, 2020",0828,THURSDAY,7546 ORLANDO,0746,Y,SR 527,PARK LAKE ST,0,,0,0,28.5550222,-81.3792204,75040102,0.383,00797,SR 527,,M MEDIAN,M MIDDLE,N NORTH,40 URBAN ONE WAY,03 STATE,02 INTERSECTION,02 OFF ROADWAY,02 FOUR-WAY INTERSECTION,03 CURB,45,"September 9, 2019",14 URBAN PRIN ART OTHER,33,PAVED,4,CURB&GUTTER,2,,0,,10500,RCI,6.9,,30,1 NO INJURY,31 Q/C COMPLETED - LOC VERIFIED,0 NO,02 AT INTERSECTION,01 DAYLIGHT,03 RAIN,02 WET,01 LEVEL,1 STRAIGHT,ONE-WAY TRAFFICWAY,ONE-WAY TRAFFICWAY,NO CONTROLS,NO CONTROLS,3,NONE,NOT CODED,NOT CODED,NONE,NOT CODED,NOT CODED,09 OTHER NON-COLLISION,77 OTHER (SEE NARRATIVE),06 CHANGING LANES,FAILED TO KEEP IN PROPER LANE,NO CONTRIBUTING ACTION,00 NOT CODED,00 NOT CODED,00 NOT CODED,00 NOT CODED,01 NO,0,0,0,0,2,0,2,2,N,N,N,Y,N,N,N,N,N,N,N,N,N,N,N,N,N,N,N,N,N,N,N,N,N,N,28.554898315,-81.379186891,462909.967549,3158732.458717,O,,ARBM15Q1R2,"June 10, 2023",3156652,-9059089.992034368,3319116.300550496