Crash Id,Calendar Year,FDOT Crash Number,Reporting Agency Case Number,Reporting Agency Type,FDOT Managing District,County Name,Crash Date,Crash Time,Day,DHSMV City,Crash Report City Code,In Town,On Roadway Name,Int Roadway Name,Reference Distance (Miles),Reference Direction,Officer Latitude,Officer Longitude,FDOT Latitude,FDOT Longitude,FDOT Roadway,Nearest Inventory MP,Nearest Node From Crash,State Road #,US Highway,Crash Side of Road,Accident Lane Number,Travel Direction Vehicle 1,FDOT Road Category,DHSMV Road System Id,Relation to Junction,Crash Harmful Event Location,Intersection Type,Shoulder Type,FDOT Roadway SKID Test Result,FDOT Roadway SKID Test Date,Functional Class,RCI Surface Width,RCI Shoulder Type First,RCI Shoulder Width First,RCI Shoulder Type Second,RCI Shoulder Width Second,RCI Shoulder Type Third,RCI Shoulder Width Third,RCI Median Width,Avg Daily Traffic,AADT Source,RCI Avg Per Truck Traffic,RCI Horiz Curve Condition,Posted Speed Limit,Highest Injury in Crash,CAR Status Code,Alcohols/Drug Involved,Site Location,Lighting,Weather,Road Surface,Roadway Grade,Roadway Alignment,Traffic Way Vehicle 1,Traffic Way Vehicle 2,Traffic Control Vehicle 1,Traffic Control Vehicle 2,Count of Lanes,Road Condition 1,Road Condition 2,Road Condition 3,Environment Condition 1,Environment Condition 2,Environment Condition 3,Crash Harmful Event,Manner of Collision,Vehicle Movement,Driver Action Vehicle 1,Driver Action Vehicle 2,Location Within Workzone,Type of Workzone,Workers Present in Workzone,Law Enforcement Present in Workzone,School Bus Related,Count of Nonfatal Injuries,Count of Traffic Fatalities,Count of Serious Injuries,Count of Pedestrians,Count of Drivers,Count of Bicyclists,Count of Vehicles,Count of Persons,Wrong Way,Workzone Inv,Commercial Vehicle Inv,Intersection Inv,Lane Departure,Speeding,Agressive Driving,Impaired Driver,Impaired Pedestrian,Impaired Bicyclist,Distracted Driver,Speeding or Aggressive Driving,Pedestrian Related,Bicyclist Related,Pedestrian or Bicyclist Related,Motorcycle Inv,No Belt,No Belt - Ages 1-4,No Belt - Ages 5-12,No Belt - Ages 13-17,Driver - Ages Teen,Driver - Ages 65 plus,Driver - Ages 65-69,Driver - Ages 70-74,Driver - Ages 75-79,Driver - Ages 80 plus,ARBM Latitude,ARBM Longitude,UTM Zone 17N X,UTM Zone 17N Y,ARBM Side of Road,Urban Rural Indicator,GIS Street Source,Extract Date,OBJECTID,x,y
2020898236910,2020,898236910,2020-00112591,COUNTY SHERIFF'S OFFICE,05 FIFTH,ORANGE,"April 1, 2020",1029,THURSDAY,7546 ORLANDO,0746,Y,KIRKMAN RD S,VINELAND RD,0.009,S,0,0,28.4823967,-81.4588393,75270000,2.287,00120,SR 435,,R RIGHT,2 THRU LANE 2,N NORTH,30 URBAN 6+LN 2WY DIVD RASD,03 STATE,01 NON-JUNCTION,01 ON ROADWAY,01 NOT AT INTERSECTION,03 CURB,27,"February 11, 2020",14 URBAN PRIN ART OTHER,48,CURB&GUTTER,2,,0,,0,40,48000,RCI,6.1,,50,1 NO INJURY,31 Q/C COMPLETED - LOC VERIFIED,0 NO,03 INFLUENCED BY INTERSECTION,01 DAYLIGHT,01 CLEAR,01 DRY,01 LEVEL,1 STRAIGHT,"TWO-WAY, DIVIDED, UNPROTECTED","TWO-WAY, DIVIDED, UNPROTECTED",NO CONTROLS,NO CONTROLS,7,NONE,NOT CODED,NOT CODED,NONE,NOT CODED,NOT CODED,14 MOTOR VEHICLE IN TRANSPORT,01 FRONT TO REAR,01 STRAIGHT AHEAD,OPERATED MV IN CARLESS OR NEGL,NO CONTRIBUTING ACTION,00 NOT CODED,00 NOT CODED,00 NOT CODED,00 NOT CODED,01 NO,0,0,0,0,3,0,3,7,N,N,N,Y,N,N,N,N,N,N,N,N,N,N,N,N,Y,N,N,N,N,N,N,N,N,N,28.482757172,-81.458726454,455099.198683,3150767.461413,R,,ARBM15Q1R2,"June 10, 2023",3157016,-9067944.297865776,3309976.5692786924
2020898236950,2020,898236950,2020-00162903,COUNTY SHERIFF'S OFFICE,05 FIFTH,ORANGE,"May 20, 2020",1747,THURSDAY,7546 ORLANDO,0746,Y,US 441,I 4,0.005,N,0,0,28.5115879,-81.3969714,75010000,11.323,00543,SR 500,US 17,L LEFT,1 THRU LANE 1,S SOUTH,20 URBAN 4-5LN 2WY DIVD RASD,02 U.S.,01 NON-JUNCTION,03 SHOULDER,01 NOT AT INTERSECTION,01 PAVED,35,"March 1, 2020",14 URBAN PRIN ART OTHER,24,CURB&GUTTER,2,,0,,0,23,29500,RCI,6.9,,35,1 NO INJURY,31 Q/C COMPLETED - LOC VERIFIED,0 NO,03 INFLUENCED BY INTERSECTION,01 DAYLIGHT,01 CLEAR,01 DRY,01 LEVEL,1 STRAIGHT,"TWO-WAY, DIVIDED, POSITIVE MED","TWO-WAY, DIVIDED, POSITIVE MED",NO CONTROLS,NO CONTROLS,4,NONE,NOT CODED,NOT CODED,NONE,NOT CODED,NOT CODED,14 MOTOR VEHICLE IN TRANSPORT,"04 SIDESWIPE, SAME DIRECTION",01 STRAIGHT AHEAD,OPERATED MV IN CARLESS OR NEGL,NO CONTRIBUTING ACTION,00 NOT CODED,00 NOT CODED,00 NOT CODED,00 NOT CODED,01 NO,0,0,0,0,2,0,2,3,N,N,N,Y,N,N,N,N,N,N,Y,N,N,N,N,N,N,N,N,N,N,Y,Y,N,N,N,28.511596475,-81.397059958,461145.824671,3153940.91535,L,,ARBM15Q1R2,"June 10, 2023",3157017,-9061079.613042923,3313629.538363159
2020898249820,2020,898249820,2020-00150180,COUNTY SHERIFF'S OFFICE,05 FIFTH,ORANGE,"May 8, 2020",1500,SATURDAY,7546 ORLANDO,0746,Y,SEMORAN BLVD S,CURRY FORD RD,0.189,S,0,0,28.5210443,-81.310375,75003000,4.82,00853,SR 436,,R RIGHT,2 THRU LANE 2,0,30 URBAN 6+LN 2WY DIVD RASD,03 STATE,03 INTERSECTION-RELATED,01 ON ROADWAY,01 NOT AT INTERSECTION,03 CURB,38,"March 2, 2020",14 URBAN PRIN ART OTHER,36,PAVED,4,CURB&GUTTER,2,,0,32,65000,RCI,5.2,,45,2 POSSIBLE INJURY,31 Q/C COMPLETED - LOC VERIFIED,0 NO,01 NOT AT INTERSECTION/RRX/BRIDGE,01 DAYLIGHT,01 CLEAR,01 DRY,00 NOT CODED,0 NOT CODED,NOT CODED,"TWO-WAY, DIVIDED, POSITIVE MED",NOT CODED,TRAFFIC CONTROL SIGNAL,6,NONE,NOT CODED,NOT CODED,NONE,NOT CODED,NOT CODED,14 MOTOR VEHICLE IN TRANSPORT,01 FRONT TO REAR,00 NOT CODED,NOT CODED,NO CONTRIBUTING ACTION,00 NOT CODED,00 NOT CODED,00 NOT CODED,00 NOT CODED,01 NO,1,0,0,0,1,0,2,1,N,N,N,N,N,N,N,N,N,N,N,N,N,N,N,N,N,N,N,N,N,N,N,N,N,N,28.521006169,-81.310266912,469641.677345,3154958.337951,R,,ARBM15Q1R2,"June 10, 2023",3157018,-9051417.852688354,3314821.6463654228
2020898228020,2020,898228020,2020-00127122,COUNTY SHERIFF'S OFFICE,05 FIFTH,ORANGE,"April 16, 2020",1630,FRIDAY,7546 ORLANDO,0746,Y,CHURCH ST,SR 423,0,,0,0,28.5400431,-81.4134438,75190001,39.12,04985,SR 423,,S SIDE RD RIGHT,1 THRU LANE 1,W WEST,30 URBAN 6+LN 2WY DIVD RASD,05 LOCAL,02 INTERSECTION,01 ON ROADWAY,02 FOUR-WAY INTERSECTION,01 PAVED,30,"September 8, 2019",14 URBAN PRIN ART OTHER,38,CURB&GUTTER,2,,0,,0,18,50500,RCI,10.8,,45,1 NO INJURY,31 Q/C COMPLETED - LOC VERIFIED,0 NO,02 AT INTERSECTION,01 DAYLIGHT,01 CLEAR,01 DRY,01 LEVEL,1 STRAIGHT,"TWO-WAY, NOT DIVIDED","TWO-WAY, NOT DIVIDED",NO CONTROLS,NO CONTROLS,6,NONE,NOT CODED,NOT CODED,NONE,NOT CODED,NOT CODED,14 MOTOR VEHICLE IN TRANSPORT,01 FRONT TO REAR,01 STRAIGHT AHEAD,OPERATED MV IN CARLESS OR NEGL,NO CONTRIBUTING ACTION,00 NOT CODED,00 NOT CODED,00 NOT CODED,00 NOT CODED,01 NO,0,0,0,0,2,0,2,2,N,N,N,Y,N,N,N,N,N,N,N,N,N,N,N,N,N,N,N,N,Y,N,N,N,N,N,28.540014657,-81.413366881,459560.9483,3157094.6173,R,,ARBM15Q1R2,"June 10, 2023",3157032,-9062894.892134959,3317230.1426962134
2020898228040,2020,898228040,2020-00140285,COUNTY SHERIFF'S OFFICE,05 FIFTH,ORANGE,"April 30, 2020",0853,FRIDAY,7546 ORLANDO,0746,Y,SR 50,ALTALOMA AVE,0,,0,0,28.5531207,-81.3588819,75060000,2.232,05109,SR 50,,L LEFT,2 THRU LANE 2,W WEST,20 URBAN 4-5LN 2WY DIVD RASD,03 STATE,02 INTERSECTION,01 ON ROADWAY,03 T-INTERSECTION,03 CURB,34,"September 9, 2019",14 URBAN PRIN ART OTHER,22,PAVED,6,CURB&GUTTER,2,,0,12,44500,RCI,3.5,,40,1 NO INJURY,31 Q/C COMPLETED - LOC VERIFIED,0 NO,02 AT INTERSECTION,01 DAYLIGHT,01 CLEAR,01 DRY,01 LEVEL,1 STRAIGHT,"TWO-WAY, NOT DIV, W/CONT LTURN","TWO-WAY, NOT DIV, W/CONT LTURN",TRAFFIC CONTROL SIGNAL,TRAFFIC CONTROL SIGNAL,4,NONE,NOT CODED,NOT CODED,NONE,NOT CODED,NOT CODED,14 MOTOR VEHICLE IN TRANSPORT,01 FRONT TO REAR,01 STRAIGHT AHEAD,FOLLOWED TOO CLOSELY,NO CONTRIBUTING ACTION,00 NOT CODED,00 NOT CODED,00 NOT CODED,00 NOT CODED,01 NO,0,0,0,0,2,0,2,2,N,N,N,Y,N,N,N,N,N,N,N,N,N,N,N,N,N,N,N,N,N,N,N,N,N,N,28.553134464,-81.358930042,464890.813612,3158530.949105,C,,ARBM15Q1R2,"June 10, 2023",3157033,-9056835.00915507,3318892.759514922
2020898256220,2020,898256220,2020-00195179,COUNTY SHERIFF'S OFFICE,05 FIFTH,ORANGE,"June 19, 2020",1140,SATURDAY,7546 ORLANDO,0746,Y,I 4,SR 408,0.095,S,0,0,28.5345454,-81.3834955,75280000,17.024,04376,SR 400,I 4,R RIGHT,2 THRU LANE 2,E EAST,01 INTERSTATE URBAN,01 INTERSTATE,01 NON-JUNCTION,01 ON ROADWAY,01 NOT AT INTERSECTION,01 PAVED,27,"September 16, 2014",11 URBAN PRIN ART INT.,48,PAVED,10,CURB&GUTTER,2,,0,20,148000,RCI,6.8,3D0000,50,1 NO INJURY,31 Q/C COMPLETED - LOC VERIFIED,0 NO,01 NOT AT INTERSECTION/RRX/BRIDGE,01 DAYLIGHT,01 CLEAR,01 DRY,01 LEVEL,3 CURVE LEFT,ONE-WAY TRAFFICWAY,ONE-WAY TRAFFICWAY,NO CONTROLS,NO CONTROLS,8,NONE,NOT CODED,NOT CODED,NONE,NOT CODED,NOT CODED,14 MOTOR VEHICLE IN TRANSPORT,"04 SIDESWIPE, SAME DIRECTION",01 STRAIGHT AHEAD,NO CONTRIBUTING ACTION,NO CONTRIBUTING ACTION,00 NOT CODED,00 NOT CODED,00 NOT CODED,00 NOT CODED,01 NO,0,0,0,0,2,0,2,3,N,N,N,N,Y,N,N,N,N,N,N,N,N,N,N,N,N,N,N,N,N,Y,N,N,N,Y,28.534528665,-81.383473326,462483.470759,3156477.134376,R,,ARBM15Q1R2,"June 10, 2023",3157071,-9059567.155764725,3316534.987935953
2020898256240,2020,898256240,2020-00175671,COUNTY SHERIFF'S OFFICE,05 FIFTH,ORANGE,"May 31, 2020",1241,MONDAY,7546 ORLANDO,0746,Y,SR 435,METROPOLIS WAY,0,,0,0,28.5173571,-81.459137,75270000,4.68,03361,SR 435,,L LEFT,3 THRU LANE 3,E EAST,33 SUBURBAN 6+LN 2WY DIVD RASD,03 STATE,02 INTERSECTION,01 ON ROADWAY,02 FOUR-WAY INTERSECTION,03 CURB,28,"March 14, 2017",14 URBAN PRIN ART OTHER,36,PAVED,5,LAWN,7,,0,40,56500,RCI,2.8,,50,1 NO INJURY,31 Q/C COMPLETED - LOC VERIFIED,0 NO,02 AT INTERSECTION,01 DAYLIGHT,02 CLOUDY,01 DRY,01 LEVEL,1 STRAIGHT,"TWO-WAY, NOT DIVIDED","TWO-WAY, DIVIDED, POSITIVE MED",TRAFFIC CONTROL SIGNAL,TRAFFIC CONTROL SIGNAL,6,NONE,NOT CODED,NOT CODED,NONE,NOT CODED,NOT CODED,14 MOTOR VEHICLE IN TRANSPORT,03 ANGLE,05 TURNING RIGHT,RAN RED LIGHT,NO CONTRIBUTING ACTION,00 NOT CODED,00 NOT CODED,00 NOT CODED,00 NOT CODED,01 NO,0,0,0,0,2,0,2,2,N,N,N,Y,N,N,N,N,N,N,N,N,N,N,N,N,N,N,N,N,N,Y,N,N,N,Y,28.517390768,-81.459266368,455061.026079,3154604.552542,L,,ARBM15Q1R2,"June 10, 2023",3157072,-9068004.400943315,3314363.600470965
2020898256330,2020,898256330,2020-00192013,COUNTY SHERIFF'S OFFICE,05 FIFTH,ORANGE,"June 16, 2020",0742,WEDNESDAY,7546 ORLANDO,0746,Y,SR 528,SR 436,0.189,W,0,0,28.4513683,-81.3132664,75002000,9.967,05615,SR 528,,R RIGHT,2 THRU LANE 2,E EAST,03 TOLL ROAD URBAN,03 STATE,01 NON-JUNCTION,01 ON ROADWAY,01 NOT AT INTERSECTION,01 PAVED,38,"March 3, 2020",12 URBAN PRIN ART EXPR.,24,PAVED WARN,10,LAWN,8,,0,42,108500,RCI,3.7,0D15,55,1 NO INJURY,31 Q/C COMPLETED - LOC VERIFIED,0 NO,01 NOT AT INTERSECTION/RRX/BRIDGE,01 DAYLIGHT,01 CLEAR,01 DRY,01 LEVEL,1 STRAIGHT,ONE-WAY TRAFFICWAY,ONE-WAY TRAFFICWAY,NO CONTROLS,NO CONTROLS,4,NONE,NOT CODED,NOT CODED,NONE,NOT CODED,NOT CODED,14 MOTOR VEHICLE IN TRANSPORT,01 FRONT TO REAR,01 STRAIGHT AHEAD,FOLLOWED TOO CLOSELY,NO CONTRIBUTING ACTION,00 NOT CODED,00 NOT CODED,00 NOT CODED,00 NOT CODED,01 NO,0,0,0,0,2,0,2,6,N,N,N,N,N,N,N,N,N,N,N,N,N,N,N,N,N,N,N,N,N,Y,Y,N,N,N,28.451361819,-81.313234367,469331.204724,3147243.618587,R,,ARBM15Q1R2,"June 10, 2023",3157073,-9051748.188087635,3306000.969216589
2020898253200,2020,898253200,2020-00165171,COUNTY SHERIFF'S OFFICE,05 FIFTH,ORANGE,"May 21, 2020",1153,FRIDAY,7546 ORLANDO,0746,Y,I 4,FL TPK,0.284,N,0,0,28.4823236,-81.4448423,75280000,11.265,00463,SR 400,I 4,R RIGHT,1 THRU LANE 1,E EAST,01 INTERSTATE URBAN,01 INTERSTATE,01 NON-JUNCTION,01 ON ROADWAY,01 NOT AT INTERSECTION,01 PAVED,31,"September 16, 2014",11 URBAN PRIN ART INT.,36,PAVED WARN,10,LAWN,12,,0,64,178000,RCI,5.6,,55,1 NO INJURY,31 Q/C COMPLETED - LOC VERIFIED,0 NO,01 NOT AT INTERSECTION/RRX/BRIDGE,01 DAYLIGHT,01 CLEAR,01 DRY,01 LEVEL,1 STRAIGHT,"TWO-WAY, DIVIDED, POSITIVE MED","TWO-WAY, DIVIDED, POSITIVE MED",NO CONTROLS,NO CONTROLS,6,NONE,NOT CODED,NOT CODED,NONE,NOT CODED,NOT CODED,14 MOTOR VEHICLE IN TRANSPORT,01 FRONT TO REAR,01 STRAIGHT AHEAD,FOLLOWED TOO CLOSELY,NO CONTRIBUTING ACTION,00 NOT CODED,00 NOT CODED,00 NOT CODED,00 NOT CODED,01 NO,0,0,0,0,3,0,3,4,N,N,N,N,N,N,N,N,N,N,N,N,N,N,N,N,N,N,N,N,Y,Y,Y,N,N,N,28.482316631,-81.444828993,456459.336521,3150713.540861,R,,ARBM15Q1R2,"June 10, 2023",3157111,-9066397.239244672,3309920.775428656
2020898253230,2020,898253230,2020-00170460,COUNTY SHERIFF'S OFFICE,05 FIFTH,ORANGE,"May 26, 2020",1158,WEDNESDAY,7546 ORLANDO,0746,Y,US 441,GOLFVIEW ST,0,,0,0,28.5637113,-81.3995784,75020000,0.798,01628,SR 500,US 441,R RIGHT,1 THRU LANE 1,W WEST,21 URBAN 4-5LN 2WY DIVD PAVD,02 U.S.,02 INTERSECTION,01 ON ROADWAY,03 T-INTERSECTION,03 CURB,30,"January 22, 2020",14 URBAN PRIN ART OTHER,22,CURB&GUTTER,2,,0,,0,12,34500,RCI,5.8,1D3000,40,2 POSSIBLE INJURY,31 Q/C COMPLETED - LOC VERIFIED,0 NO,02 AT INTERSECTION,01 DAYLIGHT,02 CLOUDY,01 DRY,01 LEVEL,1 STRAIGHT,"TWO-WAY, NOT DIVIDED","TWO-WAY, NOT DIV, W/CONT LTURN",STOP SIGN,NO CONTROLS,4,NONE,NOT CODED,NOT CODED,NONE,NOT CODED,NOT CODED,14 MOTOR VEHICLE IN TRANSPORT,03 ANGLE,03 TURNING LEFT,RAN STOP SIGN,NO CONTRIBUTING ACTION,00 NOT CODED,00 NOT CODED,00 NOT CODED,00 NOT CODED,01 NO,1,0,0,0,3,0,3,3,N,N,N,Y,N,N,N,N,N,N,N,N,N,N,N,N,N,N,N,N,N,Y,Y,N,N,N,28.563719797,-81.399536593,460922.709412,3159716.218387,R,,ARBM15Q1R2,"June 10, 2023",3157112,-9061355.311180005,3320234.3441288704
2020898256780,2020,898256780,2020-00194916,COUNTY SHERIFF'S OFFICE,05 FIFTH,ORANGE,"June 19, 2020",0200,SATURDAY,7546 ORLANDO,0746,Y,SEMORAN BLVD S,PERSHING AVE,0.019,S,0,0,28.4988464,-81.3102212,75003000,3.293,00851,SR 436,,L LEFT,2 THRU LANE 2,S SOUTH,30 URBAN 6+LN 2WY DIVD RASD,05 LOCAL,01 NON-JUNCTION,01 ON ROADWAY,01 NOT AT INTERSECTION,03 CURB,38,"March 2, 2020",14 URBAN PRIN ART OTHER,36,PAVED,4,CURB&GUTTER,2,,0,32,65000,RCI,5.2,,50,1 NO INJURY,31 Q/C COMPLETED - LOC VERIFIED,0 NO,01 NOT AT INTERSECTION/RRX/BRIDGE,04 DARK-LIGHTED,02 CLOUDY,01 DRY,01 LEVEL,1 STRAIGHT,"TWO-WAY, DIVIDED, POSITIVE MED","TWO-WAY, DIVIDED, POSITIVE MED",NO CONTROLS,NO CONTROLS,6,NONE,NOT CODED,NOT CODED,NONE,NOT CODED,NOT CODED,14 MOTOR VEHICLE IN TRANSPORT,"04 SIDESWIPE, SAME DIRECTION",11 OVERTAKING/PASSING,OPERATED MV IN CARLESS OR NEGL,NO CONTRIBUTING ACTION,00 NOT CODED,00 NOT CODED,00 NOT CODED,00 NOT CODED,01 NO,0,0,0,0,2,0,2,2,N,N,N,N,Y,N,N,N,N,N,N,N,N,N,N,N,N,N,N,N,N,N,N,N,N,N,28.498836152,-81.310326913,469629.456878,3152502.263643,L,,ARBM15Q1R2,"June 10, 2023",3157123,-9051424.531793464,3312013.1120870207
2020898256790,2020,898256790,2020-00195573,COUNTY SHERIFF'S OFFICE,05 FIFTH,ORANGE,"June 19, 2020",2045,SATURDAY,7546 ORLANDO,0746,Y,SEMORAN BLVD S,YEW DR,0,,0,0,28.5411164,-81.310586,75003000,6.201,04789,SR 436,,L LEFT,1 THRU LANE 1,W WEST,30 URBAN 6+LN 2WY DIVD RASD,05 LOCAL,02 INTERSECTION,01 ON ROADWAY,02 FOUR-WAY INTERSECTION,01 PAVED,38,"March 2, 2020",14 URBAN PRIN ART OTHER,33,CURB&GUTTER,2,,0,,0,22,60000,RCI,5.2,,45,2 POSSIBLE INJURY,31 Q/C COMPLETED - LOC VERIFIED,0 NO,02 AT INTERSECTION,04 DARK-LIGHTED,01 CLEAR,01 DRY,01 LEVEL,1 STRAIGHT,"TWO-WAY, DIVIDED, POSITIVE MED","TWO-WAY, DIVIDED, POSITIVE MED",TRAFFIC CONTROL SIGNAL,TRAFFIC CONTROL SIGNAL,6,NONE,NOT CODED,NOT CODED,NONE,NOT CODED,NOT CODED,14 MOTOR VEHICLE IN TRANSPORT,02 FRONT TO FRONT,03 TURNING LEFT,NOT CODED,NO CONTRIBUTING ACTION,00 NOT CODED,00 NOT CODED,00 NOT CODED,00 NOT CODED,01 NO,2,0,0,0,1,0,2,3,N,N,N,Y,N,N,N,N,N,N,N,N,N,N,N,N,N,N,N,N,Y,N,N,N,N,N,28.541134329,-81.310667613,469608.245248,3157188.330122,L,,ARBM15Q1R2,"June 10, 2023",3157124,-9051462.458657004,3317372.0261105685
2020898258880,2020,898258880,2020-00181457,COUNTY SHERIFF'S OFFICE,05 FIFTH,ORANGE,"June 6, 2020",1420,SUNDAY,7546 ORLANDO,0746,Y,SR 400,FL TPK,0,,0,0,28.4823138,-81.4448544,75280000,11.264,00463,SR 400,I 4,M MEDIAN,M MIDDLE,W WEST,01 INTERSTATE URBAN,03 STATE,88 UNKNOWN,88 UNKNOWN,77 OTHER (SEE NARRATIVE),01 PAVED,31,"September 16, 2014",11 URBAN PRIN ART INT.,36,PAVED WARN,10,LAWN,12,,0,64,178000,RCI,5.6,,55,0 UNKNOWN/NOT CODED,31 Q/C COMPLETED - LOC VERIFIED,0 NO,01 NOT AT INTERSECTION/RRX/BRIDGE,01 DAYLIGHT,01 CLEAR,01 DRY,03 UPHILL,3 CURVE LEFT,ONE-WAY TRAFFICWAY,,NO CONTROLS,NOT CODED,6,UNKNOWN,NOT CODED,NOT CODED,UNKNOWN,NOT CODED,NOT CODED,30 CONCRETE TRAFFIC BARRIER,88 UNKNOWN,01 STRAIGHT AHEAD,NOT CODED,NOT CODED,00 NOT CODED,00 NOT CODED,00 NOT CODED,00 NOT CODED,01 NO,0,0,0,0,0,0,1,0,N,N,N,N,Y,N,N,N,N,N,N,N,N,N,N,N,N,N,N,N,N,N,N,N,N,N,28.482306918,-81.444841254,456458.132377,3150712.469211,R,,ARBM15Q1R2,"June 10, 2023",3157130,-9066398.604103116,3309919.545187704
2020898219650,2020,898219650,2020-00121646,COUNTY SHERIFF'S OFFICE,05 FIFTH,ORANGE,"April 11, 2020",2335,SUNDAY,7546 ORLANDO,0746,Y,I 4,JOHN YOUNG PKWY,0.028,S,0,0,28.5083274,-81.4186372,75280000,13.671,01334,SR 400,I 4,L LEFT,3 THRU LANE 3,W WEST,01 INTERSTATE URBAN,05 LOCAL,01 NON-JUNCTION,01 ON ROADWAY,01 NOT AT INTERSECTION,01 PAVED,35,"September 16, 2014",11 URBAN PRIN ART INT.,36,PAVED WARN,12,LAWN,12,,0,142,179000,RCI,5.6,2D0000,55,3 NO-INCAPACITATING INJURY,31 Q/C COMPLETED - LOC VERIFIED,0 NO,01 NOT AT INTERSECTION/RRX/BRIDGE,04 DARK-LIGHTED,01 CLEAR,01 DRY,01 LEVEL,1 STRAIGHT,"TWO-WAY, DIVIDED, POSITIVE MED","TWO-WAY, DIVIDED, POSITIVE MED",NO CONTROLS,NO CONTROLS,6,NONE,NOT CODED,NOT CODED,NONE,NOT CODED,NOT CODED,14 MOTOR VEHICLE IN TRANSPORT,01 FRONT TO REAR,08 PARKED,OTHER CONTRIBUTING ACTION,NO CONTRIBUTING ACTION,00 NOT CODED,00 NOT CODED,00 NOT CODED,00 NOT CODED,01 NO,1,0,0,0,2,0,2,4,N,N,N,N,Y,N,N,N,N,N,N,N,N,N,N,N,N,N,N,N,Y,N,N,N,N,N,28.508711558,-81.419123096,458985.706795,3153628.650151,L,,ARBM15Q1R2,"June 10, 2023",3157147,-9063535.671110706,3313264.0715649957
2020898219660,2020,898219660,2020-00112223,COUNTY SHERIFF'S OFFICE,05 FIFTH,ORANGE,"March 31, 2020",2115,WEDNESDAY,7546 ORLANDO,0746,Y,SR 50,MERCY DR,0,,0,0,28.5526443,-81.4302433,75050000,13.872,02146,SR 50,,L LEFT,3 THRU LANE 3,N NORTH,30 URBAN 6+LN 2WY DIVD RASD,03 STATE,03 INTERSECTION-RELATED,01 ON ROADWAY,02 FOUR-WAY INTERSECTION,03 CURB,34,"April 1, 2018",14 URBAN PRIN ART OTHER,36,PAVED,8,CURB&GUTTER,2,,0,41,42000,RCI,4.7,,45,3 NO-INCAPACITATING INJURY,31 Q/C COMPLETED - LOC VERIFIED,0 NO,02 AT INTERSECTION,04 DARK-LIGHTED,01 CLEAR,01 DRY,01 LEVEL,1 STRAIGHT,"TWO-WAY, DIVIDED, POSITIVE MED","TWO-WAY, DIVIDED, POSITIVE MED",FLASHING SIGNAL,NO CONTROLS,6,NONE,NOT CODED,NOT CODED,NONE,NOT CODED,NOT CODED,14 MOTOR VEHICLE IN TRANSPORT,77 OTHER (SEE NARRATIVE),03 TURNING LEFT,FAILED TO YIELD RIGHT-OF-WAY,NO CONTRIBUTING ACTION,00 NOT CODED,00 NOT CODED,00 NOT CODED,00 NOT CODED,01 NO,3,0,0,0,2,0,3,4,N,N,N,Y,N,N,N,N,N,N,N,N,N,N,N,N,N,N,N,N,N,N,N,N,N,N,28.552754655,-81.4302424,457915.090134,3158511.833702,L,,ARBM15Q1R2,"June 10, 2023",3157148,-9064773.466963323,3318844.6248372262
2020898234360,2020,898234360,2020-00116179,COUNTY SHERIFF'S OFFICE,05 FIFTH,ORANGE,"April 5, 2020",0848,MONDAY,7546 ORLANDO,0746,Y,COLONIAL DR W,GARLAND AVE,0.005,E,0,0,0,0,75060000,0.844,02558,SR 50,US 17,L LEFT,1 THRU LANE 1,E EAST,20 URBAN 4-5LN 2WY DIVD RASD,05 LOCAL,01 NON-JUNCTION,01 ON ROADWAY,02 FOUR-WAY INTERSECTION,01 PAVED,33,"September 9, 2019",14 URBAN PRIN ART OTHER,22,PAVED,6,CURB&GUTTER,2,,0,8,36000,RCI,4.8,,40,2 POSSIBLE INJURY,31 Q/C COMPLETED - LOC VERIFIED,0 NO,01 NOT AT INTERSECTION/RRX/BRIDGE,01 DAYLIGHT,01 CLEAR,01 DRY,01 LEVEL,1 STRAIGHT,"TWO-WAY, DIVIDED, POSITIVE MED","TWO-WAY, DIVIDED, POSITIVE MED",YIELD SIGN,TRAFFIC CONTROL SIGNAL,4,NONE,NOT CODED,NOT CODED,NONE,NOT CODED,NOT CODED,14 MOTOR VEHICLE IN TRANSPORT,"05 SIDESWIPE, OPPOSITE DIRECTION",11 OVERTAKING/PASSING,NOT CODED,NO CONTRIBUTING ACTION,00 NOT CODED,00 NOT CODED,00 NOT CODED,00 NOT CODED,01 NO,1,0,0,0,2,0,3,2,N,N,N,N,Y,N,N,N,N,N,N,N,N,N,N,N,N,N,N,N,N,N,N,N,N,N,28.553088345,-81.381746454,462658.964207,3158532.734992,C,,ARBM15Q1R2,"June 10, 2023",3157152,-9059374.92127513,3318886.9146155086